cluster,phase,country,iso3,date,meeting_id,speech_id,unit_id,speaker_name,violence_type,attribution,positive_negative,transcend,imperialism,relation_type,confidence_mean,evidence_verified_all,evidence_quote,paragraph_text,signature_codes_matched
C1,P1_war_onset,Syrian Arab Republic,SYR,2024-01-24,S/PV.9534 (Resumption 1),S/PV.9534 (Resumption 1)#16,97d8c545e586c9fa,Mr. Dandy,VS,ATR-ISR,,,,,0.95,1,"attempts to change the demographic composition and the institutional structure of the occupied Syrian Golan by building additional settlements, increasing the number of settlers, confiscating land for implementing settlement projects and constructing gigantic wind turbines, as well as attempting to impose Israeli nationality and land titles on the Golan population || attempts to change the demographic composition and the institutional structure of the occupied Syrian Golan by building additional settlements, increasing the number of settlers, confiscating land for implementing settlement projects and constructing gigantic wind turbines, as well as attempting to impose Israeli nationality and land titles on the Golan population || Israel's plunder of natural resources and continuing closure, since 2014, of the Quneitra crossing","As part of the same policy of aggression pursued by the Israeli occupying authorities against the occupied Arab territories, and since its occupation of the Syrian Golan in 1967, the Israeli authorities have systematically committed the most heinous violations of international law, international human rights law and international humanitarian law, including attempts to change the demographic composition and the institutional structure of the occupied Syrian Golan by building additional settlements, increasing the number of settlers, confiscating land for implementing settlement projects and constructing gigantic wind turbines, as well as attempting to impose Israeli nationality and land titles on the Golan population. Added to that is Israel’s plunder of natural resources and continuing closure, since 2014, of the Quneitra crossing, which is the sole lifeline between the residents of the occupied Golan and their families in their homeland of Syria.",attribution__ATR-ISR|violence_type__VS
C1,P1_war_onset,Cuba,CUB,2024-01-24,S/PV.9534 (Resumption 1),S/PV.9534 (Resumption 1)#4,35b8a40a1ad1baf0,Mr. Peñalver Portal,VS,ATR-ISR,PN3,T1,,,0.9,1,"Israeli occupation of Palestinian territory, including East Jerusalem || Israeli occupation of Palestinian territory, including East Jerusalem || The root causes of the Israeli-Palestinian conflict, which did not begin on 7 October 2023, must be addressed without delay.","The root causes of the Israeli-Palestinian conflict, which did not begin on 7 October 2023, must be addressed without delay. The Security Council must urgently enforce its own resolutions so as to end the Israeli occupation of Palestinian territory, including East Jerusalem. This organ cannot remain inert in the face of Israel’s illegal policy of annexation, all its colonizing practices and its system of apartheid, which have persisted for more than seven decades in the occupied Palestinian territories, in flagrant violation of the purposes and principles of the Charter of the United Nations and international law. Nothing can justify such actions.",attribution__ATR-ISR|violence_type__VS|transcend__T1
C1,P1_war_onset,Kuwait,KWT,2023-10-24,S/PV.9451 (Resumption 1),S/PV.9451 (Resumption 1)#76,a7343c6e51719a88,Mr. Albanai,VD|VS,ATR-ISR,,,,,0.9,1,"serious escalation of military operations carried out by the Israeli occupying authorities against our Palestinian brothers in the Gaza Strip, in addition to the collective punishment they are suffering through the targeting of unarmed civilians by continued air strikes, leading to thousands of innocent victims, including children, women and men, as well as the continued targeting of basic services || serious escalation of military operations carried out by the Israeli occupying authorities against our Palestinian brothers in the Gaza Strip, in addition to the collective punishment they are suffering through the targeting of unarmed civilians by continued air strikes, leading to thousands of innocent victims, including children, women and men, as well as the continued targeting of basic services || the cutting off of electricity, water, food, fuel and the calls for the forced displacement of the Gaza Strip's residents","Today we meet amid tragic developments resulting in the suffering of the brotherly Palestinian people. Those developments have serious implications for security and stability in the region and, in fact, the entire world. What we are witnessing today in the form of a serious escalation of military operations carried out by the Israeli occupying authorities against our Palestinian brothers in the Gaza Strip, in addition to the collective punishment they are suffering through the targeting of unarmed civilians by continued air strikes, leading to thousands of innocent victims, including children, women and men, as well as the continued targeting of basic services and the cutting off of electricity, water, food, fuel and the calls for the forced displacement of the Gaza Strip’s residents — all of these are not acceptable to any religion, law or human nature.",attribution__ATR-ISR|violence_type__VS|violence_type__VD
C1,P1_war_onset,Iran,IRN,2023-11-28,A/78/PV.40,A/78/PV.40#20,20ef59d138f257f9,Mr. Iravani,VS,ATR-ISR,PN1|PN3|PN4,T1,I3,,0.824,1,"ending the occupation || ending the occupation || the most effective and durable path to peace in Palestine is the holding of a referendum among all residents of Palestine — Jews, Christians and Muslims, including displaced Palestinians and refugees.","In conclusion, my delegation once again reiterates its principled position that the most effective and durable path to peace in Palestine is the holding of a referendum among all residents of Palestine — Jews, Christians and Muslims, including displaced Palestinians and refugees. Based on the history of conflict and instability in the Middle East over the past seven decades, the Islamic Republic of Iran believes that durable peace can be achieved only by ending the occupation, restoring Palestinians’ inalienable right to self-determination, returning refugees to their homelands and establishing a Palestinian State with Al-Quds Al-Sharif as its capital. We believe that the most important and urgent priority is to extend the humanitarian pause in Gaza and turn it into a durable ceasefire, and to provide rapid and extensive transfer of humanitarian aid to Gaza.",attribution__ATR-ISR|violence_type__VS|transcend__T1
C1,P1_war_onset,South Africa,ZAF,2023-11-28,A/78/PV.39,A/78/PV.39#16,72779b4f2b6fce1e,Ms. Joyini,VD,ATR-ISR,PN0,,,,0.9,1,indiscriminate attacks by Israel on the civilian population in Gaza || indiscriminate attacks by Israel on the civilian population in Gaza || call for the immediate cessation of violence and an end to the indiscriminate attacks by Israel on the civilian population in Gaza,South Africa expresses its grave concern over the devastating escalation in the Israeli-Palestinian conflict. We extend our deepest condolences to all victims and call for the immediate cessation of violence and an end to the indiscriminate attacks by Israel on the civilian population in Gaza.,attribution__ATR-ISR|violence_type__VD
C1,P1_war_onset,Syrian Arab Republic,SYR,2024-01-24,S/PV.9534 (Resumption 1),S/PV.9534 (Resumption 1)#16,dc9cd96b36864428,Mr. Dandy,VD,ATR-ISR,,,,,0.95,1,"Israel has repeatedly launched attacks on Syrian territories while targeting residential areas and critical facilities, including civil ports and airports... The most recent, on 20 January, targeted a residential building in a Damascus neighbourhood || Israel has repeatedly launched attacks on Syrian territories while targeting residential areas and critical facilities, including civil ports and airports... The most recent, on 20 January, targeted a residential building in a Damascus neighbourhood","In pursuing its hostile policies, Israel has repeatedly launched attacks on Syrian territories while targeting residential areas and critical facilities, including civil ports and airports. Such attacks jeopardize the lives of civilians and the safety of civil aviation, while obstructing United Nations humanitarian operations. The most recent, on 20 January, targeted a residential building in a Damascus neighbourhood. The repeated attacks on territories of the Syrian Arab Republic and the constant threats against the States in the region are an unambiguous expression of the Israeli occupation’s expansionist plans in the region, in violation of Arabs’ rights in Palestine and other occupied territories.",attribution__ATR-ISR|violence_type__VD
C1,P1_war_onset,Egypt,EGY,2023-10-24,S/PV.9451 (Resumption 1),S/PV.9451 (Resumption 1)#4,8e6041948fe104d8,Mr. Selim,VC|VD,NONE,,,,,0.775,1,the killing and targeting of civilians || the killing and targeting of civilians || as if the lives of Palestinians civilians were less important than the lives of others,"However, we sincerely regret the double standards on dealing with international crises, especially their humanitarian aspects, that we have seen since the beginning of this crisis. Some are rushing and competing to show sympathy for civilian victims in certain places and condemning in the strongest terms possible those responsible for civilian casualties. At the same time, they turn a blind eye towards and rush to justify the killing and targeting of civilians and their lives elsewhere, as if the lives of Palestinians civilians were less important than the lives of others and did not deserve the same efforts to protect and defend them.",violence_type__VD
C1,P1_war_onset,Syrian Arab Republic,SYR,2023-10-18,S/PV.9443,S/PV.9443#41,9478f9562cf04979,Mr. Dandy,VD|VS,ATR-ISR,,T0,,ANTI,0.888,1,The Israeli entity is actively destroying infrastructure || The Israeli entity is actively destroying infrastructure || Its brutality has reached a point where it is threatening to wipe Gaza out of existence,"The Israeli entity is actively destroying infrastructure and continuing its inhumane siege by cutting off water, food, medicine and electricity, preventing the delivery of humanitarian aid, using internationally banned weapons and employing a scorched-earth policy against the Palestinian people, including women and children. Its brutality has reached a point where it is threatening to wipe Gaza out of existence and has attacked a hospital where vulnerable people had been forced to take shelter owing to Israeli death threats. They believed that the hospital was protected under international humanitarian law. How fierce has Israel’s contempt for humankind become? Its extremist ideology and terror strategy have made it the reverse side of the terrorist organization Da’esh.",attribution__ATR-ISR|violence_type__VS|transcend__T0|relation_type__ANTI|violence_type__VD
C1,P1_war_onset,Saudi Arabia,SAU,2024-01-23,S/PV.9534,S/PV.9534#44,2d0b65c2bb912cab,Mr. El-Khereiji,VD|VS,ATR-ISR,PN1|PN2,,,,0.808,1,"the yoke of the occupation || the yoke of the occupation || bring about a ceasefire, establish peace, alleviate the suffering","In that regard, the Council, which has the primary responsibility for the maintenance of international peace and security, must take immediate action to bring about a ceasefire, establish peace, alleviate the suffering and enable the Palestinian people to preserve their dignity and enjoy their legitimate rights. How can the Palestinian people hope for a better future, a decent life and development under the yoke of the occupation and under the continuous fire of the Israeli war machine?",attribution__ATR-ISR|violence_type__VS|violence_type__VD
C1,P1_war_onset,Russian Federation,RUS,2023-12-08,S/PV.9499,S/PV.9499#3,aec55f1d9d1e0e09,Mr. Polyanskiy,VD|VS,ATR-ISR|NONE,,,,,0.838,1,"merciless Israeli bombings that have destroyed hospitals, schools and facilities of the United Nations Relief and Works Agency for Palestine Refugees in the Near East || merciless Israeli bombings that have destroyed hospitals, schools and facilities of the United Nations Relief and Works Agency for Palestine Refugees in the Near East || an Israel that has been encouraged to activate a new phase of its military operation","The outcome of this “quiet diplomacy” is a cemetery of Palestinian children, which is what Gaza has become: thousands of dead civilians and merciless Israeli bombings that have destroyed hospitals, schools and facilities of the United Nations Relief and Works Agency for Palestine Refugees in the Near East. Most importantly, the outcome is an Israel that has been encouraged to activate a new phase of its military operation and is now also planning to flood tunnels in the enclave with sea water, which further threatens more monstrous humanitarian consequences. Yet again, American diplomacy is leaving scorched earth and destruction in its wake.",attribution__ATR-ISR|violence_type__VS|violence_type__VD
C1,P1_war_onset,Russian Federation,RUS,2023-12-08,S/PV.9498,S/PV.9498#9,0f2a95cb14a118aa,Mr. Polyanskiy,VD,ATR-ISR,,,,,0.9,1,"indiscriminate bombardment of Gaza and the deliberate targeting of hospitals, schools, refugee camps and United Nations facilities || indiscriminate bombardment of Gaza and the deliberate targeting of hospitals, schools, refugee camps and United Nations facilities","Such a step, if taken, would constitute a blatant war crime. Such a flooding could be akin to an order of “no mercy” for anyone, and there may be civilians present in those tunnels. The likelihood of that is very high, for where else could they escape the indiscriminate bombardment of Gaza and the deliberate targeting of hospitals, schools, refugee camps and United Nations facilities? As we heard from the Secretary-General today, nowhere is safe in the small, densely populated Gaza Strip. The southern part of the Strip, which had previously been subjected to regular strikes, has now been completely transformed into an active war zone.",attribution__ATR-ISR|violence_type__VD
C1,P1_war_onset,Syrian Arab Republic,SYR,2023-10-18,S/PV.9443,S/PV.9443#41,77e2204f96823ed2,Mr. Dandy,VD,ATR-ISR,,T0,,,0.933,1,"the heinous massacre by the Zionist criminal forces of hundreds of innocent people in the Al Ahli Hospital in the Gaza Strip || the heinous massacre by the Zionist criminal forces of hundreds of innocent people in the Al Ahli Hospital in the Gaza Strip || The Syrian Arab Republic condemns in the strongest terms the heinous massacre by the Zionist criminal forces of hundreds of innocent people in the Al Ahli Hospital in the Gaza Strip. It is a brutal act that demonstrates the level of hatred of the Israeli authorities, whose crimes have attained the highest level of aggression.","Yesterday we witnessed one of the most heinous and bloody crimes against humanity in the modern era, perpetrated in the context of Israel’s ongoing aggression against the Palestinian people. The Syrian Arab Republic condemns in the strongest terms the heinous massacre by the Zionist criminal forces of hundreds of innocent people in the Al Ahli Hospital in the Gaza Strip. It is a brutal act that demonstrates the level of hatred of the Israeli authorities, whose crimes have attained the highest level of aggression. It is reminiscent of the crimes that resulted in Israel’s founding and reflects a stark picture of the continuing approach of the gangs that established that criminal entity.",attribution__ATR-ISR|transcend__T0|violence_type__VD
C1,P1_war_onset,Indonesia,IDN,2023-12-08,S/PV.9498,S/PV.9498#27,93b1ab6d96d795de,Mr. Nasir,VD,NONE,PN3,T2,,SYM,0.81,1,They must stop the inhumane acts against the Palestinians || They must stop the inhumane acts against the Palestinians || make a two-State solution a reality,"Lastly, let us reaffirm our commitment to upholding international law and international humanitarian law in their entirety. There can be no double standards in how we uphold international law and international humanitarian law and accountability. They should be applied equally to all countries, big or small. There can be no double standard on humanity. For those reasons, we appeal to members of the Council to do the right thing. They must stop the inhumane acts against the Palestinians and listen to their consciences. Let us choose peace over conflict, compassion over cruelty and unity over division. Let us work to bring peace to Palestine and Israel. Let us address the root cause and make a two-State solution a reality.",violence_type__VD
C1,P1_war_onset,South Africa,ZAF,2023-11-28,A/78/PV.39,A/78/PV.39#16,4ac68a0a95097d11,Ms. Joyini,VS,ATR-ISR,,,,,0.7,1,"Area C, which is fully controlled by Israel... Palestinians struggle to obtain land permits for housing and farming in the remaining 40 per cent || Area C, which is fully controlled by Israel... Palestinians struggle to obtain land permits for housing and farming in the remaining 40 per cent","The impact is graver, as outlined in the UNCTAD report, in Area C, which is the focus of UNCTAD’s report. Area C, which is fully controlled by Israel, accounts for more than 60 per cent of the occupied West Bank. It is home to an estimated 300,000 Palestinians who live in 532 residential areas. While approximately 60 per cent of Area C consists of Israeli State land, Palestinians struggle to obtain land permits for housing and farming in the remaining 40 per cent.",attribution__ATR-ISR|violence_type__VS
C1,P1_war_onset,Iraq,IRQ,2023-10-18,S/PV.9443,S/PV.9443#43,3d622e4b738ab1d6,Mr. Al-Fatlawi,VD|VS,ATR-ISR,PN0,,,,0.86,1,"which bombed the Al Ahli Hospital, claiming the lives of hundreds of martyrs and wounding innocent Palestinian citizens || which bombed the Al Ahli Hospital, claiming the lives of hundreds of martyrs and wounding innocent Palestinian citizens || putting an end to those violations, massacres and genocide","The Government of the Republic of Iraq condemns in the strongest terms the heinous crime perpetrated by the Israeli occupation forces, which bombed the Al Ahli Hospital, claiming the lives of hundreds of martyrs and wounding innocent Palestinian citizens. That crime is an extension of the crimes and violations that have been committed by the Israeli occupation forces for seven decades. Iraq calls on the international community, and the Security Council in particular, to assume their legal and moral responsibility in maintaining international peace and security by putting an end to those violations, massacres and genocide, as those practices are serious violations of international law, international humanitarian law, the United Nations Charter and all international humanitarian instruments and norms related to the protection of civilians. We also call for the perpetrators to be held accountable.",attribution__ATR-ISR|violence_type__VS|violence_type__VD
C1,P1_war_onset,Iraq,IRQ,2024-01-24,S/PV.9534 (Resumption 1),S/PV.9534 (Resumption 1)#8,f7a588be117ddccb,Mr. Al-Fatlawi,VD,ATR-ISR,,,,,0.85,1,the massacres and the genocide perpetrated by Israeli occupation forces || the massacres and the genocide perpetrated by Israeli occupation forces,"The Security Council has not been able to fulfil its legal responsibility for the maintenance of international peace and security. It has been repeatedly unable to stop the massacres and the genocide perpetrated by Israeli occupation forces. That has led to the deterioration of the humanitarian situation and a true humanitarian disaster. As the Secretary-General said, it is an unprecedented situation because of the intensity of the military operations. All of that will result in repercussions that impact international and regional peace and security.",attribution__ATR-ISR|violence_type__VD
C1,P1_war_onset,Malaysia,MYS,2023-11-28,A/78/PV.39,A/78/PV.39#3,bc5908255310bb50,Mr. Muhamad,VD|VS,ATR-ISR,PN3,T1,I1,SYM,0.9,1,"ongoing annexation, home demolitions, settlement expansions and forced displacement of Palestinians || ongoing annexation, home demolitions, settlement expansions and forced displacement of Palestinians || urges Member States to officially recognize the State of Palestine in order to promote the two-State solution.","The final chapter, Chapter VII, of the report contains recommendations of the Committee to the Assembly and other relevant actors, which are based on international consensus and the Secretary-General’s known position on the question of Palestine. Specifically, the Committee calls on Israel to halt and reverse its ongoing annexation, home demolitions, settlement expansions and forced displacement of Palestinians, including women and children. The Committee urges Israel to reverse punitive measures against the Palestinian Authority, cease the disproportionate use of lethal force and protect Palestinian civilians, including from Israeli settlers, in line with its obligations under relevant United Nations resolutions and international humanitarian law. The Committee calls on Israel to respect the status quo at the holy sites in Jerusalem, ensure peaceful religious practices and lift the ongoing land, air and sea blockade of Gaza. The Committee deems unilateral decisions taken by Member States to recognize Jerusalem as the capital of Israel as null and void and urges Member States to officially recognize the State of Palestine in order to promote the two-State solution.",attribution__ATR-ISR|violence_type__VS|violence_type__VD|transcend__T1
C1,P1_war_onset,Russian Federation,RUS,2023-12-08,S/PV.9498,S/PV.9498#9,600243151365f64b,Mr. Polyanskiy,VD|VS,ATR-ISR,,,,ANTI,0.9,1,"incessant indiscriminate bombardment and targeted attacks on civilians objects, aimed at instilling terror and panic among civilians || incessant indiscriminate bombardment and targeted attacks on civilians objects, aimed at instilling terror and panic among civilians || a systematic strategy to forcibly displace Palestinians is emerging. Its cannibalistic logic is simple — to make life in Gaza unbearable, even impossible, leaving the civilian population with a single choice: to leave their homes or to be killed.","We would like to emphasize that the consequences of the contamination of groundwater — the only source of fresh water for the people of Gaza — will persist not for years, but for centuries. Together with the incessant indiscriminate bombardment and targeted attacks on civilians objects, aimed at instilling terror and panic among civilians, a systematic strategy to forcibly displace Palestinians is emerging. Its cannibalistic logic is simple — to make life in Gaza unbearable, even impossible, leaving the civilian population with a single choice: to leave their homes or to be killed.",attribution__ATR-ISR|violence_type__VS|relation_type__ANTI|violence_type__VD
C1,P1_war_onset,Egypt,EGY,2024-01-23,S/PV.9534,S/PV.9534#78,4288eea59e5a0199,Mr. Elshandawily,VC|VD,NONE,,T0,,ANTI,0.767,1,claiming civilian lives || claiming civilian lives || liquidate the Palestinian question,"Thirdly, those who imagine that the occupation is sustainable are delusional, as are those who imagine that it is possible to liquidate the Palestinian question and resolve the current situation in the Palestinian territories by force, or to address security concerns exclusively using military means, which have failed miserably so far and have succeeded only in claiming civilian lives and sowing hatred.",transcend__T0|relation_type__ANTI|violence_type__VD
C1,P1_war_onset,Russian Federation,RUS,2023-12-08,S/PV.9499,S/PV.9499#14,dc66fe8a0ef7f7c2,Mr. Polyanskiy,VD,ATR-ISR,,T0,I0,,0.863,1,"Israel's merciless bloodbath || Israel's merciless bloodbath || our colleagues from the United States have literally, before our eyes, issued a death sentence to thousands, if not tens of thousands, more civilians in Palestine and Israel, including women and children, as well as the United Nations staff who are trying to help them","I think it would be no exaggeration to say that this day is one of the darkest in the history of the Middle East. By once again cynically blocking a call for a ceasefire in the Palestinian-Israeli conflict zone, our colleagues from the United States have literally, before our eyes, issued a death sentence to thousands, if not tens of thousands, more civilians in Palestine and Israel, including women and children, as well as the United Nations staff who are trying to help them. History will judge Washington’s actions. They can make as many cynical, beautiful, empty speeches about democracy, human rights, women and peace and security, some rules or other, some order or other, as they like. However, we witnessed the real value of those words just now, when two members of the Security Council chose to remain complicit in Israel’s merciless bloodbath.",attribution__ATR-ISR|transcend__T0|violence_type__VD
C1,P2_post_icj,Algeria,DZA,2024-09-20,S/PV.9730,S/PV.9730#6,51b354a5509cfdcd,Mr. Bendjama,VD,ATR-ISR,,,,,0.9,1,The air strikes against Beirut this morning provide additional proof that the Israeli occupying Power is not at all interested in peace || The air strikes against Beirut this morning provide additional proof that the Israeli occupying Power is not at all interested in peace,"The air strikes against Beirut this morning provide additional proof that the Israeli occupying Power is not at all interested in peace, Therefore, do Israeli occupying authorities truly seek peace with their neighbours? Are they genuinely committed to implementing resolution 2735 (2024)? Are they really committed to a ceasefire in Gaza?",attribution__ATR-ISR|violence_type__VD
C1,P2_post_icj,Algeria,DZA,2024-10-09,S/PV.9744,S/PV.9744#6,d858ff8f839694be,Mr. Bendjama,VD|VS,ATR-ISR,,,I4,,0.88,1,"222 staff members of the United Nations Relief and Works Agency for Palestine Refugees in the Near East (UNRWA) have been killed, and two thirds of UNRWA's premises have been damaged or destroyed. || 222 staff members of the United Nations Relief and Works Agency for Palestine Refugees in the Near East (UNRWA) have been killed, and two thirds of UNRWA's premises have been damaged or destroyed. || The fate of the refugees must be, and will be, decided by the refugees themselves, not by the occupying Power.","Amid this catastrophe, the occupier has not spared humanitarian personnel — 222 staff members of the United Nations Relief and Works Agency for Palestine Refugees in the Near East (UNRWA) have been killed, and two thirds of UNRWA’s premises have been damaged or destroyed. Moreover, the occupier has advanced bills halting UNRWA operations. UNRWA is the witness of the international community’s failure to uphold the rights of Palestinians and the backbone of humanitarian action in the occupied Palestinian territory, in particular in Gaza. For years, the Israeli authorities have made clear their will and desire to dismantle UNRWA because it symbolizes the Palestinian refugees and their inalienable rights. We reiterate that the rights of Palestinian refugees are not subject to statutes of limitations and are guaranteed by international law, which cannot be tailored to fit the occupier’s agenda. The fate of the refugees must be, and will be, decided by the refugees themselves, not by the occupying Power.",attribution__ATR-ISR|violence_type__VS|violence_type__VD
C1,P2_post_icj,Guyana,GUY,2024-03-11,S/PV.9572,S/PV.9572#8,915e7025185e3198,Mrs. Rodrigues-Birkett,VD,ATR-PAL,PN0,,,,0.867,1,including those committed on 7 October || including those committed on 7 October || We call for the cessation of all sexual violence and for leaders to take proactive steps to prevent and enforce accountability for such acts.,"The incidents of sexual violence in Israel and the West Bank contained in the report add another horrific dimension to the tragedy unfolding in the Middle East. Guyana strongly condemns all acts of sexual violence committed during the conflict, including those committed on 7 October. We call for the cessation of all sexual violence and for leaders to take proactive steps to prevent and enforce accountability for such acts. The perpetrators must be held accountable.",violence_type__VD
C1,P2_post_icj,Guyana,GUY,2024-11-12,S/PV.9781,S/PV.9781#8,fc67ba0339d9fe27,Mrs. Rodrigues-Birkett,VD|VS,ATR-ISR,PN0,T0,,,0.875,1,incessant bombing campaign || incessant bombing campaign || should spur the Council to immediate action to halt the systematic and calculated annihilation of innocent Palestinian civilians by starvation.,"The combination of an incessant bombing campaign, repeated displacement and limited or no access to food, medicine or water has created a firestorm of hunger, malnutrition and disease. The recent statistics provided by the Integrated Food Security Phase Classification and its Famine Review Committee reveal the harrowing details of what innocent civilians — many of them hapless children and infants — are enduring in Gaza. The entire population is experiencing emergency levels of acute food insecurity. If the conflict continues to intensify and expand, along with evacuation orders and the non-entry of humanitarian goods, there is a risk of famine in the entire Gaza Strip. In northern Gaza, several areas have been under siege since the beginning of October, and according to the Famine Review Committee, famine is most likely imminent. All of that is human-made and should spur the Council to immediate action to halt the systematic and calculated annihilation of innocent Palestinian civilians by starvation.",attribution__ATR-ISR|violence_type__VS|transcend__T0|violence_type__VD
C1,P2_post_icj,Syrian Arab Republic,SYR,2024-07-17,S/PV.9687 (Resumption 1),S/PV.9687 (Resumption 1)#34,26a7d52b1e38d80b,Mr. Aldahhak,,,PN3,T0,,,0.85,1,the Syrian Arab Republic reiterated our unrelenting determination to raise our flag over our entire national territories after we liberate them from the scourges of occupation and terrorism. || the Syrian Arab Republic reiterated our unrelenting determination to raise our flag over our entire national territories after we liberate them from the scourges of occupation and terrorism.,"“Last month, the Syrian people, including in the occupied Syrian Golan, commemorated the fiftieth anniversary of raising the flag of the Syrian Arab Republic over the city of Qunaytirah after its liberation from Israeli occupation. On that occasion, the Syrian Arab Republic reiterated our unrelenting determination to raise our flag over our entire national territories after we liberate them from the scourges of occupation and terrorism.",transcend__T0
C1,P2_post_icj,Guyana,GUY,2024-10-16,S/PV.9750,S/PV.9750#6,d259f19b8c19a59c,Mrs. Rodrigues-Birkett,VS,ATR-ISR,PN3,,I1,,0.875,1,"the International Court of Justice has unequivocally declared the illegality of Israel's ongoing occupation... It is therefore illegal for the Israeli Government to move to annex territory in the Gaza Strip || the International Court of Justice has unequivocally declared the illegality of Israel's ongoing occupation... It is therefore illegal for the Israeli Government to move to annex territory in the Gaza Strip || the International Court of Justice has unequivocally declared the illegality of Israel's ongoing occupation, and the General Assembly has demanded that Israel bring to an end its unlawful occupation of the Palestinian territories.","First, the International Court of Justice has unequivocally declared the illegality of Israel’s ongoing occupation, and the General Assembly has demanded that Israel bring to an end its unlawful occupation of the Palestinian territories. It is therefore illegal for the Israeli Government to move to annex territory in the Gaza Strip. Guyana condemns Israel’s actions in that regard.",attribution__ATR-ISR|violence_type__VS
C1,P2_post_icj,Iran,IRN,2024-09-20,S/PV.9730,S/PV.9730#25,3a398d924c0b4786,Mr. Iravani,VD,ATR-ISR,,,,,0.95,1,"handheld communication devices were deliberately detonated, resulting in the loss of at least 37 civilian lives and injuring thousands more, a majority suffering from eye injuries, including Iran's Ambassador. || handheld communication devices were deliberately detonated, resulting in the loss of at least 37 civilian lives and injuring thousands more, a majority suffering from eye injuries, including Iran's Ambassador.","The method of this barbaric attack was as unprecedented as it was cowardly — handheld communication devices were deliberately detonated, resulting in the loss of at least 37 civilian lives and injuring thousands more, a majority suffering from eye injuries, including Iran’s Ambassador.",attribution__ATR-ISR|violence_type__VD
C1,P2_post_icj,Jordan,JOR,2024-04-17,S/PV.9607,S/PV.9607#28,ce913f7c65ab1646,Mr. Safadi,VS,ATR-ISR,PN3,T0,I1,,0.879,1,"Israel drove hundreds of thousands of Palestinians from their homes on their ancestral land || Israel drove hundreds of thousands of Palestinians from their homes on their ancestral land || in accordance with international law and the relevant United Nations resolutions, which uphold their right to return and compensation, and in the context of a comprehensive solution to the conflict.","UNRWA was born out of the Nakba of 1948, when Israel drove hundreds of thousands of Palestinians from their homes on their ancestral land. The United Nations created it as a temporary agency to care for refugees until they could go back home. They have not done so. In 1967, more Palestinians joined them in displacement. The plight of the refugees persists. UNRWA must remain — that is the simple fact. That is the simple obligation that is legal, moral and humane. UNRWA must continue to implement its mandate until the refugee issue is resolved, in accordance with international law and the relevant United Nations resolutions, which uphold their right to return and compensation, and in the context of a comprehensive solution to the conflict. That solution will not be attained unless the cancer — the evil — that is the occupation has ended and the Palestinians are able to live in dignity and freedom in their own independent, sovereign State in their ancestral homeland.",attribution__ATR-ISR|violence_type__VS|transcend__T0
C1,P2_post_icj,Egypt,EGY,2024-07-17,S/PV.9687 (Resumption 1),S/PV.9687 (Resumption 1)#6,17a63c3694d31c10,Mr. Mahmoud,VD|VS,ATR-ISR|NONE,,,,,0.825,1,"The killing of Palestinians is increasing to levels not seen in two decades || The killing of Palestinians is increasing to levels not seen in two decades || Israel continues to adopt unprecedented extremist policies to legitimize settlements, seize Palestinian territories and change the status quo of religious and holy sites in East Jerusalem, especially Al-Aqsa Mosque","The killing of Palestinians is increasing to levels not seen in two decades, yet Israel continues to adopt unprecedented extremist policies to legitimize settlements, seize Palestinian territories and change the status quo of religious and holy sites in East Jerusalem, especially Al-Aqsa Mosque.",attribution__ATR-ISR|violence_type__VS|violence_type__VD
C1,P2_post_icj,Guyana,GUY,2024-04-18,S/PV.9608,S/PV.9608#20,d656250295fd14eb,Mrs. Rodrigues-Birkett,VD|VS,NONE,PN0,,,,0.83,1,a deliberate strategy of collective punishment of the worst kind is being inflicted on the Palestinian people || a deliberate strategy of collective punishment of the worst kind is being inflicted on the Palestinian people || It must stop.,"Having considered all of the deprivations to which the population in the Gaza Strip has been subject to since 7 October, one can justifiably conclude that a deliberate strategy of collective punishment of the worst kind is being inflicted on the Palestinian people. That strategy involves indiscriminately wounding civilians while simultaneously shrinking their access to health care. It also involves a systematic decrease in the safe places to which they have access, cramming them into smaller and smaller spaces while simultaneously threatening to bomb those same spaces. The strategy has also incorporated starvation as a method of warfare, as evidenced by, inter alia, attacks on those attempting to meet the needs of starving Palestinians. Palestinians themselves have been fatally attacked while seeking sustenance. The results of this strategy have been malnutrition, famine, disease and death. It must stop.",violence_type__VS|violence_type__VD
C1,P2_post_icj,Guyana,GUY,2024-09-25,S/PV.9733,S/PV.9733#14,55886d5830b05058,Ms. Persaud,VD,ATR-PAL,,,,,0.9,1,"Hizbullah has claimed multiple strikes against military targets of the Israel Defense Forces, with rocket barrages, drones and artillery, in northern Israel and the occupied Syrian Golan || Hizbullah has claimed multiple strikes against military targets of the Israel Defense Forces, with rocket barrages, drones and artillery, in northern Israel and the occupied Syrian Golan","At the same time, Hizbullah has claimed multiple strikes against military targets of the Israel Defense Forces, with rocket barrages, drones and artillery, in northern Israel and the occupied Syrian Golan.",violence_type__VD
C1,P2_post_icj,Russian Federation,RUS,2024-04-17,S/PV.9607,S/PV.9607#7,001e083c14998c24,Mr. Nebenzia,VC|VS,NONE,,,,,0.825,1,attempts to label UNRWA a terrorist organization and calls to disband the Agency || attempts to label UNRWA a terrorist organization and calls to disband the Agency || yet another illegal and immoral instrument of collective punishment for millions of Palestinians in need,"Against that backdrop, attempts to label UNRWA a terrorist organization and calls to disband the Agency, which we have also heard in this Chamber, are categorically unacceptable. Indiscriminate accusations against UNRWA representatives must not be used to besmirch this large and highly important United Nations entity, which employs 13,000 people in Gaza alone. If UNRWA were suspended, it would be yet another illegal and immoral instrument of collective punishment for millions of Palestinians in need.",violence_type__VS
C1,P2_post_icj,China,CHN,2024-10-09,S/PV.9744,S/PV.9744#13,ef0b7b121d9debc8,Mr. Fu Cong,VD,ATR-ISR,PN0,,,,0.85,1,greater civilian casualties and more reckless military adventurism || greater civilian casualties and more reckless military adventurism || After repeated vetoes of the Council's demand for an immediate ceasefire,"We cannot ignore the marginalization of the Council. There is broad consensus among the vast majority of Council members on the Palestinian-Israeli issue. After repeated vetoes of the Council’s demand for an immediate ceasefire, the United States put forward a ceasefire initiative in May, claiming that Israel had accepted it and requesting the Council’s support for an agreement through diplomatic talks. However, over the past five months, the so-called diplomatic efforts have seemed to be going in circles, and more time and patience have led to greater civilian casualties and more reckless military adventurism. It is necessary to take a deep look at the current impasse and reaffirm some self-evident principles.",attribution__ATR-ISR|violence_type__VD
C1,P2_post_icj,Algeria,DZA,2024-07-02,S/PV.9678,S/PV.9678#14,66f57281d8dd758e,Mr. Bendjama,VD|VS,ATR-ISR,PN1,T1,,ANTI,0.864,1,The Israeli occupying forces systematically attack Palestinian local police during aid deliveries || The Israeli occupying forces systematically attack Palestinian local police during aid deliveries || That is part of a deliberate policy aimed at destroying civil order and pushing Gazans out of their homeland.,"For us, UNRWA is irreplaceable, and the choice of non-governmental organizations to take on its tasks has proven ineffective. Furthermore, security issues related to distribution are to be expected. The Israeli occupying forces systematically attack Palestinian local police during aid deliveries. Today no one takes the risk of escorting aid convoys, because they will be targeted by the occupying Power. That is part of a deliberate policy aimed at destroying civil order and pushing Gazans out of their homeland.",attribution__ATR-ISR|violence_type__VS|relation_type__ANTI|violence_type__VD|transcend__T1
C1,P2_post_icj,Qatar,QAT,2024-02-20,S/PV.9552,S/PV.9552#26,e57634847660147e,Ms. Al-Thani,VD|VS,ATR-ISR,,,,,0.875,1,"the aggression by the Israeli occupation has been ongoing for nearly five months against our Palestinian brethren || the aggression by the Israeli occupation has been ongoing for nearly five months against our Palestinian brethren || the increased frequency of military attacks against the Strip and the increase in the number of victims — reaching nearly 100,000 people, the majority of whom are women and children — who have been killed, wounded or are under rubble","Today’s meeting is being held under extremely difficult circumstances. The situation in the Gaza Strip has been the worst humanitarian disaster the world has seen. According to United Nations reports, there is no safe place in the Gaza Strip. Almost all residents of the Gaza Strip, numbering more than 2 million people, are now refugees and facing starvation. As the aggression by the Israeli occupation has been ongoing for nearly five months against our Palestinian brethren, the GCC States have strongly cautioned against the increased frequency of military attacks against the Strip and the increase in the number of victims — reaching nearly 100,000 people, the majority of whom are women and children — who have been killed, wounded or are under rubble.",attribution__ATR-ISR|violence_type__VS|violence_type__VD
C1,P2_post_icj,Guyana,GUY,2024-07-26,S/PV.9694,S/PV.9694#19,701c636ae349deb1,Ms. Persaud,,,PN3,T1,I1,,0.85,1,"consensus in the Council on the equally critical matter of enforcing such a mandate is also key to ending the decades-long conflict. || consensus in the Council on the equally critical matter of enforcing such a mandate is also key to ending the decades-long conflict || Secondly, consensus in the Council on the equally critical matter of enforcing such a mandate is also key to ending the decades-long conflict.","Secondly, consensus in the Council on the equally critical matter of enforcing such a mandate is also key to ending the decades-long conflict.",transcend__T1
C1,P2_post_icj,Guyana,GUY,2024-11-25,S/PV.9794,S/PV.9794#9,5d2b66d4fee836c8,Mrs. Rodrigues-Birkett,,,PN0,T0,,,0.825,1,"Guyana reiterates its call for an immediate, unconditional and permanent ceasefire as the first and most fundamental step to changing the situation on the ground for the numerous civilians in Gaza, who have been experiencing unprecedented levels of violence and deprivation. || Guyana reiterates its call for an immediate, unconditional and permanent ceasefire as the first and most fundamental step to changing the situation on the ground for the numerous civilians in Gaza, who have been experiencing unprecedented levels of violence and deprivation.","In the past week, the Security Council has met on three occasions to consider the situation in Gaza, but there appear to be no points of hope that the sun is setting on this war. Instead, to date, the sun has set on the lives of more than 44,000 persons in Gaza, and it may set on the lives of hundreds of thousands more who are confronted with mounting starvation, injury and disease, if action is not taken to end the suffering. Regrettably, the draft resolution (S/2024/835) of the elected 10 members of the Council that sought to take such action was vetoed last week (see S/PV.9790). Guyana reiterates its call for an immediate, unconditional and permanent ceasefire as the first and most fundamental step to changing the situation on the ground for the numerous civilians in Gaza, who have been experiencing unprecedented levels of violence and deprivation.",transcend__T0
C1,P2_post_icj,Syrian Arab Republic,SYR,2024-10-02,S/PV.9738,S/PV.9738#28,e093e7b27bec8016,Mr. Aldahhak,VS,ATR-ISR,PN0|PN1,T0,,,0.84,1,the illegal coercive measures and inhumane blockade imposed on it || the illegal coercive measures and inhumane blockade imposed on it || condemns all the ongoing Israeli acts of aggression against the States of the region and reiterates its call on the Security Council to take immediate action to put an end to the Israeli impunity,"The Syrian Arab Republic condemns all the ongoing Israeli acts of aggression against the States of the region and reiterates its call on the Security Council to take immediate action to put an end to the Israeli impunity, which is inflaming the entire region and threatening regional and international peace and security. My country reaffirms its legitimate right to defend its people and territory by all means guaranteed under international law. My country also reaffirms its full support for and solidarity with the Palestinian and Lebanese peoples. Despite the enormous challenges and burdens that Syria is facing as a result of the hostile policies pursued by Western countries in the service of Israel and despite the illegal coercive measures and inhumane blockade imposed on it, Syria will spare no effort to provide humanitarian assistance to its Lebanese brothers. The Syrian Government and civil society institutions have mobilized all their energy to assist all those coming from Lebanon — be they Syrians, Lebanese or third-country nationals.",attribution__ATR-ISR|violence_type__VS|transcend__T0
C1,P2_post_icj,Russian Federation,RUS,2024-08-13,S/PV.9704,S/PV.9704#15,d07923fea2b90e62,Mr. Polyanskiy,,,,T1,,,0.85,1,"It is pointless to expect our Western — primarily American — colleagues, who are in cahoots with Israel, to express any compassion towards Palestinians.","We are grateful to the delegation of Algeria for its initiative to convene today’s meeting regarding recent events in Gaza. The last time we discussed the situation was two weeks ago (see S/PV.9696), and it is clear that we need do hold more frequent meetings. After all, the notion that the situation in Gaza and in the region as a whole continues to rapidly deteriorate has, unfortunately, become routine, and does not transmit the horrors and the suffering that civilians in Gaza — including the elderly, women and children — have to face every day. It is pointless to expect our Western — primarily American — colleagues, who are in cahoots with Israel, to express any compassion towards Palestinians. It is therefore important to regularly bring the truth about what is happening in the Gaza Strip to the international community through the Security Council.",transcend__T1
C1,P2_post_icj,China,CHN,2024-02-27,S/PV.9560,S/PV.9560#12,6ed0ea1bbf0a953a,Mr. Dai Bing,VS,ATR-ISR,PN1,,I1,,0.875,1,"We call on Israel, as the occupying Power, to earnestly fulfil its obligations under the Geneva Conventions, fully cooperate in the implementation of Security Council resolutions, open all land, sea and air access routes and ensure the safe, rapid and unimpeded entry of humanitarian supplies. || We call on Israel, as the occupying Power, to earnestly fulfil its obligations under the Geneva Conventions, fully cooperate in the implementation of Security Council resolutions, open all land, sea and air access routes and ensure the safe, rapid and unimpeded entry of humanitarian supplies. || We call on Israel, as the occupying Power, to earnestly fulfil its obligations under the Geneva Conventions, fully cooperate in the implementation of Security Council resolutions, open all land, sea and air access routes and ensure the safe, rapid and unimpeded entry of humanitarian supplies.","Humanitarian assistance is what the people of Gaza rely on and is their hope for survival. With a view to protecting civilians and expanding humanitarian access, the Security Council adopted resolutions 2712 (2023) and 2720 (2023). However, due to artificial obstacles, the entry of humanitarian supplies into Gaza has faced many difficulties. For nearly a month now, the humanitarian supplies received in Gaza have been far below the average of previous periods, and northern Gaza has not received any humanitarian aid. We call on Israel, as the occupying Power, to earnestly fulfil its obligations under the Geneva Conventions, fully cooperate in the implementation of Security Council resolutions, open all land, sea and air access routes and ensure the safe, rapid and unimpeded entry of humanitarian supplies.",attribution__ATR-ISR|violence_type__VS
C1,P3-P5_ceasefire_1_to_ceasefire_2,Malaysia,MYS,2025-01-24,S/PV.9841 (Resumption 2),S/PV.9841 (Resumption 2)#2,55792512ab69f788,Mr. Muhamad,VD,ATR-ISR,,,,,0.9,1,Israel's occupation forces are escalating their violent operations in the West Bank || Israel's occupation forces are escalating their violent operations in the West Bank,"It is, however, concerning that just as the world sees a glimmer of hope in Gaza, Israel’s occupation forces are escalating their violent operations in the West Bank and illegal settlers intensify their expansion of the illegal settlements, destroying Palestinian homes and properties. Those provocative acts have the potential to undermine the fragile ceasefire in Gaza.",attribution__ATR-ISR|violence_type__VD
C1,P3-P5_ceasefire_1_to_ceasefire_2,Algeria,DZA,2025-03-21,S/PV.9883,S/PV.9883#16,dcbf6958e2bf72c0,Mr. Bendjama,VD|VS,ATR-ISR|NONE,,T1,,,0.817,1,"nearly 900 Palestinians, including 180 children, have been killed and 4,000 have been injured || nearly 900 Palestinians, including 180 children, have been killed and 4,000 have been injured || We must ask ourselves honestly: is that the behaviour of a party that seeks peace?","In the West Bank and since 7 October 2023, nearly 900 Palestinians, including 180 children, have been killed and 4,000 have been injured. At the same time, more than 10,000 housing units are being built for Israeli settlers, and 50 Israeli outposts have been constructed — an unprecedented number. Settler violence continues with total impunity. And reports document an average of 120 incidents of settler violence in the West Bank every month. Those are blatant violations of United Nations resolutions, in particular resolution 2334 (2016). We must ask ourselves honestly: is that the behaviour of a party that seeks peace?",attribution__ATR-ISR|violence_type__VS|violence_type__VD|transcend__T1
C1,P3-P5_ceasefire_1_to_ceasefire_2,Somalia,SOM,2025-07-23,S/PV.9963,S/PV.9963#20,12e2aadc61645f5c,Mr. Mohamed Yusuf,VS,ATR-ISR,PN1|PN3,T3,,SYM,0.875,1,the unjust blockade imposed on the Gaza Strip || the unjust blockade imposed on the Gaza Strip || we welcome the initiative of the Kingdom of Saudi Arabia and France at the end of this month to reaffirm the international consensus in support of the two-State solution and renew the commitment to collective action to that end.,"Somalia reiterates its demand for an immediate and comprehensive ceasefire, the lifting of the unjust blockade imposed on the Gaza Strip and the guarantee of aid delivery in a sustainable and safe manner, in accordance with the principles of international humanitarian law. We also reaffirm our unwavering position in support of the inalienable right of the Palestinian people to self-determination and the establishment of their independent State on the borders of 4 June 1967, with East Jerusalem as its capital, in accordance with the relevant international resolutions. In that context, we welcome the initiative of the Kingdom of Saudi Arabia and France at the end of this month to reaffirm the international consensus in support of the two-State solution and renew the commitment to collective action to that end.",attribution__ATR-ISR|violence_type__VS
C1,P3-P5_ceasefire_1_to_ceasefire_2,Syrian Arab Republic,SYR,2025-07-29,S/PV.9963 (Resumption 2),S/PV.9963 (Resumption 2)#18,52e20ea6f589750b,Mr. Baghdadi,,,PN0,T0,I1,ANTI,0.825,1,"oblige the occupying authorities to withdraw their forces from Syrian territories, including the Golan and the areas that they have recently penetrated || oblige the occupying authorities to withdraw their forces from Syrian territories, including the Golan and the areas that they have recently penetrated. || put an end to its aggressions, preventing them from reoccurring, and oblige the occupying authorities to withdraw their forces from Syrian territories, including the Golan and the areas that they have recently penetrated.","Israeli bullying, put an end to its aggressions, preventing them from reoccurring, and oblige the occupying authorities to withdraw their forces from Syrian territories, including the Golan and the areas that they have recently penetrated.",transcend__T0|relation_type__ANTI
C1,P3-P5_ceasefire_1_to_ceasefire_2,Russian Federation,RUS,2025-04-29,S/PV.9907,S/PV.9907#21,bcb366bfbad22663,Mr. Nebenzia,VD|VS,ATR-ISR,,,,,0.9,1,"ongoing military operation in the West Bank, known as Iron Wall, which has engulfed Jenin, Tulkarm and a number of other communities || ongoing military operation in the West Bank, known as Iron Wall, which has engulfed Jenin, Tulkarm and a number of other communities || approximately 16,000 Palestinians have been detained there... 10,600 housing units were erected or approved in the West Bank and East Jerusalem, 13 blocks were retroactively authorized and 850 new checkpoints were set up","The ongoing military operation in the West Bank, known as Iron Wall, which has engulfed Jenin, Tulkarm and a number of other communities, has followed the same logic. Since 7 October 2023, approximately 16,000 Palestinians have been detained there. The number of Palestinians who fled their homes in the West Bank is the highest since 1967. The construction of settlements is proceeding at a record pace. Between December 2024 and mid-March 2025, 10,600 housing units were erected or approved in the West Bank and East Jerusalem, 13 blocks were retroactively authorized and 850 new checkpoints were set up. That effectively spells the death of the possibility of establishing a viable and territorially contiguous Palestinian State.",attribution__ATR-ISR|violence_type__VS|violence_type__VD
C1,P3-P5_ceasefire_1_to_ceasefire_2,Iraq,IRQ,2025-09-11,S/PV.9992,S/PV.9992#30,e74b8f80744f72e5,Mr. Al Faily,VD|VS,ATR-ISR,,T0,,,0.87,1,This attack is an instance of State terrorism. || This attack is an instance of State terrorism. || This attack is an instance of State terrorism,"This attack is an instance of State terrorism. It comes in the context of systematic policies and continuous attempts by the Israeli entity to undermine security and stability in the region. We cannot take lightly this reckless behaviour, this constant toying with the security of the region and these attacks on the security and sovereignty of States.",attribution__ATR-ISR|violence_type__VS|transcend__T0|violence_type__VD
C1,P3-P5_ceasefire_1_to_ceasefire_2,Russian Federation,RUS,2025-08-27,S/PV.9987,S/PV.9987#16,62a49dcd3d6d1816,Mr. Polyanskiy,VD|VS,ATR-ISR,,,,,0.875,1,"more than 1,800 Palestinians have died trying to obtain humanitarian assistance. At least 1,000 of them were in close proximity to the distribution points that were managed by this pseudo-humanitarian structure. According to reports, civilians have been targeted not just regularly, but also deliberately. People in utter despair spend nights at food distribution points only to receive bullets in return || more than 1,800 Palestinians have died trying to obtain humanitarian assistance. At least 1,000 of them were in close proximity to the distribution points that were managed by this pseudo-humanitarian structure. According to reports, civilians have been targeted not just regularly, but also deliberately. People in utter despair spend nights at food distribution points only to receive bullets in return || a policy of terror and oppression against defenceless civilians","On a separate note, we would like to draw your particular attention to the activities of the United States-Israeli Gaza Humanitarian Foundation. Since the Foundation was established this past May, the situation has become tragic and completely unacceptable. According to various estimates, more than 1,800 Palestinians have died trying to obtain humanitarian assistance. At least 1,000 of them were in close proximity to the distribution points that were managed by this pseudo-humanitarian structure. According to reports, civilians have been targeted not just regularly, but also deliberately. People in utter despair spend nights at food distribution points only to receive bullets in return. This is not a humanitarian mission, this is violence camouflaged as good intentions. Under the guise of so-called humanitarian work, there is a policy of terror and oppression against defenceless civilians. Such methods are unacceptable. We are convinced that the work of the Foundation, in its current form, is dangerous and does not comply with universally recognized humanitarian principles. There is no point in denying this.",attribution__ATR-ISR|violence_type__VS|violence_type__VD
C1,P3-P5_ceasefire_1_to_ceasefire_2,Pakistan,PAK,2025-03-18,S/PV.9881,S/PV.9881#16,3c8e984f8dbe76dd,Mr. Akram,VD|VS,ATR-ISR,PN1,,,,0.89,1,"the Israeli aggression in the West Bank... settler violence must be reversed || the Israeli aggression in the West Bank... settler violence must be reversed || Fourthly, the Israeli aggression in the West Bank must end. Forced displacement, illegal land annexations and settler violence must be reversed in accordance with resolutions 2720 (2023) and 2334 (2016).","Fourthly, the Israeli aggression in the West Bank must end. Forced displacement, illegal land annexations and settler violence must be reversed in accordance with resolutions 2720 (2023) and 2334 (2016).",attribution__ATR-ISR|violence_type__VS|violence_type__VD
C1,P3-P5_ceasefire_1_to_ceasefire_2,Pakistan,PAK,2025-07-16,S/PV.9959,S/PV.9959#20,5223235a0b38a78d,Mr. Ahmad,VS,ATR-ISR,,,,,0.85,1,"Replacing neutral United Nations-led humanitarian operations with the militarized, selectively coordinated structure undermines the neutrality and impartiality that are cornerstones of humanitarian law || Replacing neutral United Nations-led humanitarian operations with the militarized, selectively coordinated structure undermines the neutrality and impartiality that are cornerstones of humanitarian law","Fourthly, the current aid mechanism sets a dangerous precedent. Replacing neutral United Nations-led humanitarian operations with the militarized, selectively coordinated structure undermines the neutrality and impartiality that are cornerstones of humanitarian law. The consequences will reverberate beyond Gaza, endangering civilian protection in future conflicts.",attribution__ATR-ISR|violence_type__VS
C1,P3-P5_ceasefire_1_to_ceasefire_2,Russian Federation,RUS,2025-01-28,S/PV.9852,S/PV.9852#9,af075478e0602a95,Mr. Nebenzia,VS,ATR-ISR,PN1,,I1|I2,SYM,0.767,0,"the implementation of the laws banning UNRWA activities will deal a serious blow to the prospects of a ceasefire || the implementation of the laws banning UNRWA activities will deal a serious blow to the prospects of a ceasefire || the implementation of the laws banning UNRWA activities will deal a serious blow to the prospects of a ceasefire, one that we all have a stake in and that is already fragile.","For our part, we reaffirm our readiness to participate in developing any United Nations initiatives, including within the Security Council, aimed at maintaining UNRWA’s presence in the occupied Palestinian territory and at ensuring the safety of its personnel. We support the calls made on Israel by the Secretary-General and the UNRWA Commissioner-General, and we demand that Israel uphold its international legal obligations and repeal the legislation mentioned. It is important to bear in mind that the implementation of the laws banning UNRWA activities will deal a serious blow to the prospects of a ceasefire, one that we all have a stake in and that is already fragile.",attribution__ATR-ISR|violence_type__VS
C1,P3-P5_ceasefire_1_to_ceasefire_2,Russian Federation,RUS,2025-08-05,S/PV.9972,S/PV.9972#14,7e1b8aa6a6a852d5,Mr. Polyanskiy,VD,ATR-ISR,,,,,0.9,1,humanitarian packages crushed to death two medical workers at the Al-Aqsa hospital in Deir al-Balah || humanitarian packages crushed to death two medical workers at the Al-Aqsa hospital in Deir al-Balah,"We are also seriously concerned about the consequences of air drops of food supplies, which resumed in late July. As recently as yesterday, humanitarian packages crushed to death two medical workers at the Al-Aqsa hospital in Deir al-Balah. In recent comments, United Nations Relief and Works Agency for Palestine Refugees in the Near East (UNRWA) Commissioner-General Lazzarini warned against the continuation of this highly dangerous and costly means of delivering aid, which is 100 times more expensive than using land routes. Meanwhile, around the perimeter of the Gaza Strip, there are more than 6,000 trucks with food supplies sufficient to sustain the civilian population for several months.",attribution__ATR-ISR|violence_type__VD
C1,P3-P5_ceasefire_1_to_ceasefire_2,Algeria,DZA,2025-04-03,S/PV.9891,S/PV.9891#6,96ff20cda7d7bf18,Mr. Bendjama,VD,ATR-ISR,PN0,,,,0.933,1,"Israel, the occupying Power, is responsible for Gaza becoming the deadliest conflict for aid workers, with more than 400 killed; the deadliest conflict for journalists, with 209 journalists killed; the deadliest conflict for medical staff, with more than 1,060 workers killed; and the deadliest conflict for children, with more than 17,000 children killed. || Israel, the occupying Power, is responsible for Gaza becoming the deadliest conflict for aid workers, with more than 400 killed; the deadliest conflict for journalists, with 209 journalists killed; the deadliest conflict for medical staff, with more than 1,060 workers killed; and the deadliest conflict for children, with more than 17,000 children killed. || In order to save lives, we must put an immediate end to the ongoing onslaught, and resolution 2735 (2024) should be fully implemented without delay.","The people of Gaza are facing unthinkable hardship. Israel, the occupying Power, is responsible for Gaza becoming the deadliest conflict for aid workers, with more than 400 killed; the deadliest conflict for journalists, with 209 journalists killed; the deadliest conflict for medical staff, with more than 1,060 workers killed; and the deadliest conflict for children, with more than 17,000 children killed. Those people — those innocent civilians — deserve justice. In order to save lives, we must put an immediate end to the ongoing onslaught, and resolution 2735 (2024) should be fully implemented without delay.",attribution__ATR-ISR|violence_type__VD
C1,P3-P5_ceasefire_1_to_ceasefire_2,Türkiye,TUR,2025-07-23,S/PV.9963 (Resumption 1),S/PV.9963 (Resumption 1)#22,0425edfe6a4dac0a,Mr. Yıldız,VD|VS,ATR-ISR,PN1,,,,0.871,1,"Israeli military attacks on Gaza have continued unabated || Israeli military attacks on Gaza have continued unabated || resolution 2735 (2024), which calls for, among other measures, an immediate ceasefire in Gaza and the unhindered flow of humanitarian relief assistance to the besieged Palestinian people in Gaza","In the midst of this desperate situation, Israeli military attacks on Gaza have continued unabated, while the people of Gaza are barred from returning to their homes. This calculated strategy, aimed at forcibly displacing the indigenous Palestinian civilian population of Gaza, represents an unprovoked violation of fundamental human rights and all norms of international law and international humanitarian law. Worse still, these actions are taking place in spite of the explicit provisions of resolution 2735 (2024), which calls for, among other measures, an immediate ceasefire in Gaza and the unhindered flow of humanitarian relief assistance to the besieged Palestinian people in Gaza.",attribution__ATR-ISR|violence_type__VS|violence_type__VD
C1,P3-P5_ceasefire_1_to_ceasefire_2,Russian Federation,RUS,2025-08-27,S/PV.9987,S/PV.9987#16,7561fb943b7a4072,Mr. Polyanskiy,VS,ATR-ISR,PN3,,,AB,0.825,1,"the plan for settlement construction in the E1 area || the plan for settlement construction in the E1 area || Minister of Finance Bezalel Smotrich clearly stated that the plan for settlement construction in the E1 area would basically ""bury the idea of a Palestinian State"".","What is frightening in this regard is not only the concept itself or the unambiguous utterances by Israeli officials. For example, Minister of Finance Bezalel Smotrich clearly stated that the plan for settlement construction in the E1 area would basically “bury the idea of a Palestinian State”. Also frightening is the fact that such provocative acts enjoy support from some American senior diplomats. For example, United States Ambassador to Israel Mike Huckabee pointed out that the settlement construction in the E1 area apparently did not violate international law. Such opinions directly run counter to the foundational documents of the Middle East settlement process and to the recent decisions of the Security Council, including resolution 2334 (2016).",attribution__ATR-ISR|violence_type__VS
C1,P3-P5_ceasefire_1_to_ceasefire_2,Algeria,DZA,2025-06-30,S/PV.9950,S/PV.9950#10,346ecd9d9884d1ec,Mr. Koudri,VS,ATR-ISR,,T0,,,0.867,1,"the Israeli occupation, which continues to disregard Security Council resolutions, including resolution 2334 (2016), rendering them dead letters || the Israeli occupation, which continues to disregard Security Council resolutions, including resolution 2334 (2016), rendering them dead letters || the main obstacle to achieving peace in the Middle East is the Israeli occupation, which continues to disregard Security Council resolutions, including resolution 2334 (2016), rendering them dead letters, to be consigned to the archives of oblivion.","That briefing leaves no room for doubt that the main obstacle to achieving peace in the Middle East is the Israeli occupation, which continues to disregard Security Council resolutions, including resolution 2334 (2016), rendering them dead letters, to be consigned to the archives of oblivion.",attribution__ATR-ISR|violence_type__VS|transcend__T0
C1,P3-P5_ceasefire_1_to_ceasefire_2,Pakistan,PAK,2025-08-05,S/PV.9972,S/PV.9972#13,b3de9b3e243de58e,Mr. Ahmad,VD|VS,ATR-ISR|NONE,PN1,T0,,,0.881,1,"The taking of hostages is a clear violation of international law and totally unacceptable. || The taking of hostages is a clear violation of international law and totally unacceptable. || Civilians have suffered the brunt of Israel's war on Gaza. Nothing can justify the indiscriminate killings, the starvation of an entire population, the collective punishment of a besieged people.","The taking of hostages is a clear violation of international law and totally unacceptable. Hostages must be released. This, among others, was a clear demand in the draft resolution of the Council presented by the 10 elected members (see S/2025/353), including Pakistan, in June. At the same time, let us be clear on the gravity of the overall situation on the ground. And it is not just us, here in the Security Council, or the wider membership in the General Assembly, who are watching and who are worried. The entire world is watching in disbelief. Civilians have suffered the brunt of Israel’s war on Gaza. Nothing can justify the indiscriminate killings, the starvation of an entire population, the collective punishment of a besieged people. Not only are these actions morally indefensible, but they also constitute grave breaches of international law, including the Geneva Conventions, and stand in flagrant violation of binding measures issued by the International Court of Justice.",attribution__ATR-ISR|violence_type__VS|transcend__T0|violence_type__VD
C1,P3-P5_ceasefire_1_to_ceasefire_2,Saudi Arabia,SAU,2025-04-30,S/PV.9907 (Resumption 2),S/PV.9907 (Resumption 2)#54,df3cafe4eff497e1,Mr. Alwasil,VS,NONE,PN0,,,,0.85,1,"The siege and systematic violence and the denial of access to basic humanitarian assistance, such as food, medicine and drinking water, is exacerbating the suffering of the Palestinian people. It is categorically unacceptable to use starvation as a weapon or as a tool to exert pressure and punish the innocent. || The siege and systematic violence and the denial of access to basic humanitarian assistance, such as food, medicine and drinking water, is exacerbating the suffering of the Palestinian people. It is categorically unacceptable to use starvation as a weapon or as a tool to exert pressure and punish the innocent. || We therefore call on the Council to shoulder its responsibilities and to seriously intervene to put an end to the catastrophe.","The continuation of the crisis for more than a year is clear evidence of the Security Council’s inability to put an end those violations and guarantee the minimum basic rights of the Palestinian people. The siege and systematic violence and the denial of access to basic humanitarian assistance, such as food, medicine and drinking water, is exacerbating the suffering of the Palestinian people. It is categorically unacceptable to use starvation as a weapon or as a tool to exert pressure and punish the innocent. We must not remain silent in the face of that situation. We therefore call on the Council to shoulder its responsibilities and to seriously intervene to put an end to the catastrophe.",violence_type__VS
C1,P3-P5_ceasefire_1_to_ceasefire_2,Pakistan,PAK,2025-08-27,S/PV.9987,S/PV.9987#17,3948946a6ab98af9,Mr. Ahmad,VS,ATR-ISR,PN3,T4,I1,SYM,0.85,1,"The occupation must end || The occupation must end || Lasting peace requires a credible political horizon, one grounded in international law, leading to the realization of a sovereign, viable and contiguous Palestinian State, based on the pre-1967 borders, with Al-Quds Al-Sharif as its capital.","Lasting peace requires a credible political horizon, one grounded in international law, leading to the realization of a sovereign, viable and contiguous Palestinian State, based on the pre-1967 borders, with Al-Quds Al-Sharif as its capital. The occupation must end, for that is the actual root cause of instability in the Middle East.",attribution__ATR-ISR|violence_type__VS
C1,P3-P5_ceasefire_1_to_ceasefire_2,Algeria,DZA,2025-09-23,S/PV.10003,S/PV.10003#8,430cf5aa0e63498c,Mr. Attaf,VS,ATR-ISR,,T0,,,0.867,1,"the Israeli occupation is seeking to redraw the borders of the region according to its whims and delusions, based on one of its most dangerous myths — that of a ""Greater Israel"" || the Israeli occupation is seeking to redraw the borders of the region according to its whims and delusions, based on one of its most dangerous myths — that of a ""Greater Israel"" || the Israeli occupation is seeking to redraw the borders of the region according to its whims and delusions, based on one of its most dangerous myths — that of a ""Greater Israel"".","Secondly, the Israeli occupation is seeking to redraw the borders of the region according to its whims and delusions, based on one of its most dangerous myths — that of a “Greater Israel”.",attribution__ATR-ISR|violence_type__VS|transcend__T0
C1,P3-P5_ceasefire_1_to_ceasefire_2,Saudi Arabia,SAU,2025-04-30,S/PV.9907 (Resumption 2),S/PV.9907 (Resumption 2)#54,f77c5066049b9744,Mr. Alwasil,VD|VS,ATR-ISR,,,,,0.85,1,repeated attacks by the Israeli occupation forces on Syrian territories || repeated attacks by the Israeli occupation forces on Syrian territories || attempts by the Israeli occupation authorities to threaten the security and stability of Syria by violating international law,The Kingdom also strongly condemns and denounces the repeated attacks by the Israeli occupation forces on Syrian territories and renews its categorical rejection of the attempts by the Israeli occupation authorities to threaten the security and stability of Syria by violating international law. We call on the international community to stand firmly and seriously against the ongoing violations in Syria and the region. We call for concerted regional and international efforts to put an end to those violations and ensure respect for the sovereignty and territorial integrity of Syria and the lifting of the unjustified economic sanctions that undermine the interests of the Syrian people as soon as possible.,attribution__ATR-ISR|violence_type__VS|violence_type__VD
C1,outside,Russian Federation,RUS,2023-09-27,S/PV.9425,S/PV.9425#11,0f227731404190f2,Mr. Nebenzia,VC|VD|VS,ATR-ISR,,T1,,,0.85,0,"Israeli radicals are making provocative visits to the Al-Aqsa Mosque compound on a near-daily basis || Israeli radicals are making provocative visits to the Al-Aqsa Mosque compound on a near-daily basis || Israeli radicals are making provocative visits to the Al-Aqsa Mosque compound on a neardaily basis, and more than 1,200 Palestinians are in administrative detention in Israeli prisons.","Meanwhile, Israeli radicals are making provocative visits to the Al-Aqsa Mosque compound on a neardaily basis, and more than 1,200 Palestinians are in administrative detention in Israeli prisons. Of particular concern is the increase in violence against minors — more than 40 Palestinian children have been killed since the beginning of the year — and the demolition of educational institutions, including some that were built with donor funds.",attribution__ATR-ISR|violence_type__VS|violence_type__VD|transcend__T1
C1,outside,Russian Federation,RUS,2023-09-27,S/PV.9425,S/PV.9425#11,34119580c9d7de56,Mr. Nebenzia,VD|VS,ATR-ISR,,T1,,,0.88,1,"violent raids || violent raids || It is once again clear that the continuing explosive situation is a direct consequence of Israel's aggressive illegal actions in the occupied Palestinian territories, including violent raids, arbitrary arrests, settler extremism and unprecedented settlement expansion, coupled with forced evictions of Palestinian families, the confiscation of their property, the legalization of settlement outposts and violations of the status quo of the holy sites of Jerusalem.","We listened carefully to the Special Coordinator’s assessment of the continuing tensions in the West Bank against the backdrop of Israel’s increasing unilateral steps to create irreversible facts on the ground. It is once again clear that the continuing explosive situation is a direct consequence of Israel’s aggressive illegal actions in the occupied Palestinian territories, including violent raids, arbitrary arrests, settler extremism and unprecedented settlement expansion, coupled with forced evictions of Palestinian families, the confiscation of their property, the legalization of settlement outposts and violations of the status quo of the holy sites of Jerusalem.",attribution__ATR-ISR|violence_type__VS|violence_type__VD|transcend__T1
C1,outside,Russian Federation,RUS,2023-09-27,S/PV.9425,S/PV.9425#11,3faa7f2803ff582d,Mr. Nebenzia,VC|VD|VS,ATR-ISR,,T1,,,0.85,0,"some 600 settler attacks on Palestinians in the occupied Palestinian territories || some 600 settler attacks on Palestinians in the occupied Palestinian territories || the Israeli authorities decided to simplify the administrative procedures required to approve the construction of more than 4,500 housing units in the West Bank, in violation of the provisions of the relevant decisions of the Council and international law.","Since the beginning of this year, the Office for the Coordination of Humanitarian Affairs has recorded some 600 settler attacks on Palestinians in the occupied Palestinian territories, which have occurred against the backdrop of the Israeli leadership’s plans to increase the number of Israelis living in the northern West Bank from the current 170,000 to 1 million by 2050, with an estimated $200 million allocated for that illegal activity. Furthermore, the Israeli authorities decided to simplify the administrative procedures required to approve the construction of more than 4,500 housing units in the West Bank, in violation of the provisions of the relevant decisions of the Council and international law. In parallel, the Government of Israel has approved and funded a plan to preserve Israeli archaeological sites in Area C in order to “strengthen the Jewish roots in Judea and Samaria”.",attribution__ATR-ISR|violence_type__VS|violence_type__VD|transcend__T1
C1,outside,Russian Federation,RUS,2023-08-21,S/PV.9400,S/PV.9400#15,6328c8c68824e017,Mr. Polyanskiy,VD|VS,ATR-ISR,,,,,0.883,1,"Israeli settlement construction and the legalization of outposts in the occupied Palestinian territories || Israeli settlement construction and the legalization of outposts in the occupied Palestinian territories || violent Israeli military raids in the West Bank — in Nablus, Jericho and Jenin","The greatest threats remain the unprecedented pace of Israeli settlement construction and the legalization of outposts in the occupied Palestinian territories, as well as violent Israeli military raids in the West Bank — in Nablus, Jericho and Jenin — as well as systematic violations of the status quo of the holy sites of Jerusalem, in particular through provocative visits by representatives of the Israeli leadership to the Al-Aqsa Mosque compound.",attribution__ATR-ISR|violence_type__VS|violence_type__VD
C1,outside,Russian Federation,RUS,2023-08-21,S/PV.9400,S/PV.9400#15,5c905b14aca684a6,Mr. Polyanskiy,VD,ATR-ISR,,,,,0.9,1,The July Israeli operation in Jenin alone resulted in more than 140 casualties || The July Israeli operation in Jenin alone resulted in more than 140 casualties,"This year also risks becoming one of the bloodiest on record, with more than 200 Palestinians already killed, including women and minors, and thousands more wounded. The July Israeli operation in Jenin alone resulted in more than 140 casualties.",attribution__ATR-ISR|violence_type__VD
C1,outside,China,CHN,2023-09-27,S/PV.9425,S/PV.9425#7,5cb57c53de08239e,Mr. Geng Shuang,VD|VS,ATR-ISR|NONE,PN1|PN2,,,SYM,0.861,1,The 50-year-long occupation has severely hindered Palestinian economic and social development || The 50-year-long occupation has severely hindered Palestinian economic and social development || calls on Palestine and Israel to break the cycle of violence and achieve common security through dialogue and cooperation,"Thirdly, it is important to ensure economic development and people’s livelihood and to break the cycle of violence. The 50-year-long occupation has severely hindered Palestinian economic and social development, and the recurrent violence and conflicts continue to exacerbate the suffering of the Palestinian people. China condemns all violence against civilians in the occupied Palestinian territory, opposes all acts of provocation and incitement and calls on Palestine and Israel to break the cycle of violence and achieve common security through dialogue and cooperation. We urge the occupying Power to fulfil its obligations under international law, to relax and remove unreasonable restrictions on the movement of Palestinian goods and land use and to lift the blockade of the Gaza Strip as soon as possible. The international community should continue to increase development and humanitarian assistance to Palestine and to support Palestine in meeting its economic and livelihood needs. As we speak, a 100-strong Palestinian delegation is competing in 16 events of the Asian Games being held in Hangzhou, China. The Asian Games represent the lofty aspiration of our peoples for peace, tolerance and unity. We sincerely wish the Palestinian athletes great success in showcasing their sportsmanship and in kindling hope.",attribution__ATR-ISR|violence_type__VS|violence_type__VD
C1,outside,China,CHN,2023-08-21,S/PV.9400,S/PV.9400#7,a1280cd132d4b006,Mr. Zhang Jun,VD|VS,ATR-ISR,PN1,,,,0.879,1,"More than 40 Palestinian children have been killed since the beginning of this year || More than 40 Palestinian children have been killed since the beginning of this year || We condemn all violence against civilians and the killing and abuse of children, and we oppose the excessive use of force by security forces. All the parties concerned must exercise calm and restraint, and the occupying Power should earnestly fulfil its obligations under international law and ensure the safety and security of the population and their property in the occupied territory.","First, it is imperative to oppose violence and incitement to violence and to earnestly uphold international law. The situation on the ground has remained tense for some time, with negative incidents happening in quick succession and leading to escalations of violence and civilian casualties. More than 40 Palestinian children have been killed since the beginning of this year, and we are deeply concerned about that. We condemn all violence against civilians and the killing and abuse of children, and we oppose the excessive use of force by security forces. All the parties concerned must exercise calm and restraint, and the occupying Power should earnestly fulfil its obligations under international law and ensure the safety and security of the population and their property in the occupied territory. The barbaric expansion of settlements continues to change the status quo in the occupied territory, in violation of international law and Council resolutions, and is further exacerbating the confrontation between Palestine and Israel. We urge for an end to all settlement activities and to the escalating settler violence. The holy sites in Jerusalem have a bearing on the religious sentiments of the followers. We must take a clear stand against irresponsible provocation and incitement and earnestly respect the historical status quo of the holy sites and Jordan’s custodianship of them.",attribution__ATR-ISR|violence_type__VS|violence_type__VD
C1,outside,Russian Federation,RUS,2023-08-21,S/PV.9400,S/PV.9400#15,9d4332193b58d69b,Mr. Polyanskiy,VS,ATR-ISR,,,,,0.875,1,"the forced eviction of Palestinian families from their homes in East Jerusalem and Area C in the West Bank || the forced eviction of Palestinian families from their homes in East Jerusalem and Area C in the West Bank || the Israeli Government reportedly has approved and financed a plan to preserve Israeli archaeological sites in Area C in the West Bank in order to ""strengthen roots in Judea and Samaria""","This year, the Israeli authorities used a simplified procedure to approve plans to build more than 12,000 housing units, accompanied by the forced eviction of Palestinian families from their homes in East Jerusalem and Area C in the West Bank, including as a result of illegal actions by settlers. Against that backdrop, the Israeli Government reportedly has approved and financed a plan to preserve Israeli archaeological sites in Area C in the West Bank in order to “strengthen roots in Judea and Samaria”. Those plans are in direct violation of the Oslo Accords, as well as a number of international treaties on the protection of cultural property in the context of occupation.",attribution__ATR-ISR|violence_type__VS
C1,outside,Russian Federation,RUS,2023-08-21,S/PV.9400,S/PV.9400#15,9d424e4cc1419394,Mr. Polyanskiy,VS,ATR-ISR,PN2,,I2,SYM,0.87,1,"Israel's ongoing illegal unilateral actions to create irreversible facts on the ground || Israel's ongoing illegal unilateral actions to create irreversible facts on the ground || the two-State formula as its central element, which we have consistently supported","The long-term stagnation of the Middle East peace process is compounded by Israel’s ongoing illegal unilateral actions to create irreversible facts on the ground, which negates the prospects for reviving direct negotiations between Palestinians and Israelis on a universally recognized international legal basis with the two-State formula as its central element, which we have consistently supported.",attribution__ATR-ISR|violence_type__VS
C1,outside,Russian Federation,RUS,2023-09-27,S/PV.9425,S/PV.9425#11,6fdac9b002481c58,Mr. Nebenzia,,,PN2,T1,,SYM,0.8,0,"the two-State solution, which we have consistently supported || it is important to continue efforts to maintain the necessary international attention to the developments on the ground in the Palestinian-Israeli conflict zone and to not allow the international legal basis for a peaceful settlement to be undermined... we support all the relevant practical initiatives... reviving direct negotiations between the Palestinians and Israelis on all final-status issues || Washington's actions nullify the prospects for reviving direct negotiations between the Palestinians and Israelis on all final-status issues on the basis of the universally recognized framework for the Middle East peace process, the central element of which is the two-State solution, which we have consistently supported.","The continuing deterioration of the situation in the Palestinian-Israeli conflict zone, with a vacuum in the negotiations track and the absence of any prospects for a Middle East peace process, is undoubtedly a cause for concern for us. In the context of the de facto dismantling of the universally recognized international legal basis for a peace settlement, the United States continues to promote Arab-Israeli normalization, circumventing the logic of the Arab Peace Initiative, put forward by Saudi Arabia in 2002, which envisages a resolution of the Palestinian issue first, and then, only after that is achieved, the restoration of relations with Israel. Washington’s actions nullify the prospects for reviving direct negotiations between the Palestinians and Israelis on all final-status issues on the basis of the universally recognized framework for the Middle East peace process, the central element of which is the two-State solution, which we have consistently supported.",transcend__T1
C1,outside,Russian Federation,RUS,2023-08-21,S/PV.9400,S/PV.9400#15,c20963830a3d7236,Mr. Polyanskiy,VD,ATR-ISR,,,,,0.9,1,"the Israeli Air Force continues to carry out arbitrary strikes on the territory of Syria, including the outskirts of Damascus || the Israeli Air Force continues to carry out arbitrary strikes on the territory of Syria, including the outskirts of Damascus","Another new threat on the ground is the unprecedented spiral of violence against both Palestinian and Israeli civilians. In that regard, the Israeli Air Force continues to carry out arbitrary strikes on the territory of Syria, including the outskirts of Damascus.",attribution__ATR-ISR|violence_type__VD
C1,outside,China,CHN,2023-08-21,S/PV.9400,S/PV.9400#7,0d393dbf215ecdad,Mr. Zhang Jun,VS,ATR-ISR,PN1,,,,0.879,1,"The prolonged occupation has severely constrained Palestinian economic and social development || The prolonged occupation has severely constrained Palestinian economic and social development || We call on Israel to ease and lift its unreasonable restrictions on the movement of goods and the use of land in the occupied territory, create conditions conducive to the development of the Palestinian communities in the West Bank and lift the blockade of the Gaza Strip as soon as possible. We urge the international community to pay attention to and support the needs of the Palestinian economy and its people's livelihoods, provide humanitarian assistance and help Palestinians alleviate the financial crisis.","Secondly, it is essential to promote economic development and protect people’s livelihoods effectively. The prolonged occupation has severely constrained Palestinian economic and social development and the volatile security situation has made Palestinians’ lives worse. We call on Israel to ease and lift its unreasonable restrictions on the movement of goods and the use of land in the occupied territory, create conditions conducive to the development of the Palestinian communities in the West Bank and lift the blockade of the Gaza Strip as soon as possible. We urge the international community to pay attention to and support the needs of the Palestinian economy and its people’s livelihoods, provide humanitarian assistance and help Palestinians alleviate the financial crisis. China signed an agreement last week with the United Nations Relief and Works Agency for Palestine Refugees in the Near",attribution__ATR-ISR|violence_type__VS
C1,outside,Russian Federation,RUS,2023-09-27,S/PV.9425,S/PV.9425#11,dbfb7d7e592139c9,Mr. Nebenzia,,,PN3,T1,,,0.9,1,"Russia is committed to the establishment of a Palestinian State on the basis of the 1967 borders, with East Jerusalem as its capital. || Russia is committed to the establishment of a Palestinian State on the basis of the 1967 borders, with East Jerusalem as its capital.","In the current circumstances, it is important to continue efforts to maintain the necessary international attention to the developments on the ground in the Palestinian-Israeli conflict zone and to not allow the international legal basis for a peaceful settlement to be undermined. Russia is committed to the establishment of a Palestinian State on the basis of the 1967 borders, with East Jerusalem as its capital. Our position is consistent and will not change owing to any opportunistic calculations. In that context, we support all the relevant practical initiatives, in particular, that of organizing a visit of Secretary-General Guterres to the region, as well as the steps taken by the Palestinians themselves to defend their inalienable rights to their own State and to become a full member of the United Nations.",transcend__T1
C1,outside,China,CHN,2023-09-27,S/PV.9425,S/PV.9425#7,25a8a9d1a10f09d5,Mr. Geng Shuang,VD|VS,ATR-ISR,PN1|PN2,,,SYM,0.829,1,"The continued expansion of settlements encroaches on Palestinian land, usurps Palestinian resources and contracts the living space of the Palestinian people || The continued expansion of settlements encroaches on Palestinian land, usurps Palestinian resources and contracts the living space of the Palestinian people || call on the parties concerned to return to the right track of the two-State solution","Secondly, the international rule of law must be upheld and settlement activities must cease. The continued expansion of settlements encroaches on Palestinian land, usurps Palestinian resources and contracts the living space of the Palestinian people, all of which actions are in violation of international law and the provisions of resolution 2334 (2016). We once again urge the cessation of all settlement activities, unilateral actions aimed at changing the status quo in the occupied Palestinian territories and escalations of settler violence. And we call on the parties concerned to return to the right track of the two-State solution. Religious and holy sites are places in which believers are deeply invested emotionally, and as such efforts should be made to effectively preserve their historical status quo in Jerusalem and to respect the Jordan’s custodianship over them.",attribution__ATR-ISR|violence_type__VS|violence_type__VD
C2,P1_war_onset,France,FRA,2023-11-15,S/PV.9479,S/PV.9479#12,c211690cc5758e0c,Mr. De Rivière,VD,ATR-PAL,,,,,0.875,1,barbaric terrorist attacks on Israel by Hamas and other terrorist groups on 7 October || barbaric terrorist attacks on Israel by Hamas and other terrorist groups on 7 October || immediate and unconditional release of all hostages held by Hamas and other terrorist groups,"France thanks Malta for preparing resolution 2712 (2023). We welcome the fact that the Council has been able to speak with one voice for the first time since the barbaric terrorist attacks on Israel by Hamas and other terrorist groups on 7 October. France voted in favour of the resolution, which calls for urgent and extended humanitarian pauses and for the immediate and unconditional release of all hostages held by Hamas and other terrorist groups.",attribution__ATR-PAL
C2,P1_war_onset,Peru,PER,2023-10-24,S/PV.9451 (Resumption 1),S/PV.9451 (Resumption 1)#122,79221f7693ddf4f0,Mr. García Toma,VD,ATR-PAL,PN1,,,,0.867,1,"Peru joins the Secretary-General's call for Hamas to immediately and without conditions release the hostages under its control || Peru joins the Secretary-General's call for Hamas to immediately and without conditions release the hostages under its control || Peru joins the Secretary-General's call for Hamas to immediately and without conditions release the hostages under its control and for Israel to facilitate rapid and unimpeded access for humanitarian aid, based on the establishment of a corridor that provides all guarantees to the affected civilian population.","In view of that, Peru joins the Secretary-General’s call for Hamas to immediately and without conditions release the hostages under its control and for Israel to facilitate rapid and unimpeded access for humanitarian aid, based on the establishment of a corridor that provides all guarantees to the affected civilian population.",attribution__ATR-PAL
C2,P1_war_onset,Morocco,MAR,2024-01-23,S/PV.9534,S/PV.9534#70,34ba532c4e26f295,Mr. Kadiri,VD,ATR-ISR,PN2,,,,0.817,1,"The repeated Israeli actions and provocations in the occupied Palestinian territories, including Al-Quds Al-Sharif || The repeated Israeli actions and provocations in the occupied Palestinian territories, including Al-Quds Al-Sharif || ending the cycle of violence... a centre for mutual respect and dialogue","The repeated Israeli actions and provocations in the occupied Palestinian territories, including Al-Quds Al-Sharif, undermine efforts towards peace and hamper international initiatives towards de-escalation, reducing tensions and ending the cycle of violence. His Majesty King Mohammed VI, as the Chair of Al-Quds Committee, has been closely monitoring all the developments on the Palestinian question and calls for maintaining the legal, cultural and religious status quo of Al-Quds Al-Sharif as the common heritage of humankind, a symbol of peaceful coexistence among the three monotheistic religions and a centre for mutual respect and dialogue, in line with the Jerusalem Call, which was signed by His Majesty and Pope Francis in Rabat on 30 March 2019. In parallel, the Al-Quds Committee undertakes its political and practical role in supporting the Palestinian people in general, and the residents of Al-Quds in particular, in tandem with the political endeavours of His Majesty and the field work undertaken by the Beit Mal Al-Quds Al-Sharif under the personal and actual aegis of His Majesty.",positive_negative__PN2
C2,P1_war_onset,Ghana,GHA,2023-11-22,S/PV.9484,S/PV.9484#20,0ce60944e63aacce,Mr. Agyeman,,,PN3|PN4,T4,I2,SYM,0.83,1,"with Israel and Palestine living side by side within secure and recognized borders on the basis of the pre-1967 borders and with Jerusalem as the shared capital || a deepened commitment to a negotiated two-State solution, with Israel and Palestine living side by side within secure and recognized borders on the basis of the pre-1967 borders and with Jerusalem as the shared capital || We recall our long-held position that the security of Israel and the inalienable rights of the Palestinian people to their homeland lie in a deepened commitment to a negotiated two-State solution, with Israel and Palestine living side by side within secure and recognized borders on the basis of the pre-1967 borders and with Jerusalem as the shared capital.","In conclusion, I reiterate our appeal for all of us to be guided in our conduct and engagement by the dire situation on the ground in the interest of peace. We recall our long-held position that the security of Israel and the inalienable rights of the Palestinian people to their homeland lie in a deepened commitment to a negotiated two-State solution, with Israel and Palestine living side by side within secure and recognized borders on the basis of the pre-1967 borders and with Jerusalem as the shared capital. It us our fervent hope that, as a Council, we can find further consensus to abate the conflict and bring the parties to the table of peace. We must help them to untie themselves from the burden of history and embrace the promise of a shared future of peace and security and prosperity.",transcend__T4|relation_type__SYM
C2,P1_war_onset,Namibia,NAM,2023-10-24,S/PV.9451 (Resumption 1),S/PV.9451 (Resumption 1)#66,9aef638ce87f6575,Mr. Gertze,VS,ATR-ISR,PN3,T4,I1|I3,SYM,0.85,0,the legitimate struggle of the Palestinian people against the Israeli occupation || the legitimate struggle of the Palestinian people against the Israeli occupation || both the peoples of Palestine and Israel can live side by side in peace and security,"Finally, Namibia reaffirms its resolute support for the legitimate struggle of the Palestinian people against the Israeli occupation and the exercise of the inalienable right of the Palestinian people to selfdetermination and independence, with East Jerusalem as their capital, through political, diplomatic, peaceful and non-violent means. It is only through legally established statehood that social normalcy, legal equality, economic opportunity and sustainable development can be realized. We therefore call for the urgent and unconditional implementation of longstanding resolutions and decisions in support of a two-State solution as the only viable plan by which both the peoples of Palestine and Israel can live side by side in peace and security. To have endured 75 years of oppression, suffering, instability, insecurity and occupation is inhumane. That must end — now is the time.",transcend__T4|relation_type__SYM
C2,P1_war_onset,Gabon,GAB,2023-10-24,S/PV.9451,S/PV.9451#16,a831474a86723f13,Mr. Onanga Ndiaye,VD,ATR-PAL,,,,,0.85,1,"Gabon, my country, reiterates its firm condemnation of those barbaric acts and urges the kidnappers to release all hostages. || Gabon, my country, reiterates its firm condemnation of those barbaric acts and urges the kidnappers to release all hostages.","Gabon, my country, reiterates its firm condemnation of those barbaric acts and urges the kidnappers to release all hostages. We are encouraged by the release of two American hostages on 20 October, followed by two Israeli hostages on 23 October. We recognize Israel’s right to self-defence, but in accordance with the principles of proportionality, precaution and distinction.",attribution__ATR-PAL
C2,P1_war_onset,United Arab Emirates,ARE,2023-11-28,A/78/PV.40,A/78/PV.40#19,d5f71a12250ed6d7,Mr. Abushahab,VS,ATR-ISR,PN4,T4,I4,SYM,0.85,1,"Three generations of Palestinians have known only occupation, refugee status and forcible displacement || Three generations of Palestinians have known only occupation, refugee status and forcible displacement || living side by side with Israel in security and peace and mutual recognition","It has been more than 76 years since the General Assembly adopted resolution 181 (II), known as the partition resolution. That resolution laid the foundation for the creation of two States in Palestine — an Arab State and a Jewish State. While Israel was created as a State by virtue of that resolution, the brotherly Palestinian people have so far been deprived of an independent sovereign State, international recognition of the State of Palestine and full membership at the United Nations. Three generations of Palestinians have known only occupation, refugee status and forcible displacement. Therefore, it is incumbent upon all of us to underscore the importance of reviving a serious and credible peace process to achieve the two-State solution and establish a sovereign independent Palestinian State, along the 4 June 1967 borders, with East Jerusalem as its capital, living side by side with Israel in security and peace and mutual recognition.",transcend__T4|relation_type__SYM
C2,P1_war_onset,Ghana,GHA,2023-10-18,S/PV.9442,S/PV.9442#14,4c2c0d6f839632cb,Mr. Agyeman,,,PN2,T3,I2,SYM,0.838,1,"preserve the lives of the two nations whose destinies are bound by history and a common and shared area || We should therefore continue to ask the parties to de-escalate, seek consensus to support mediation efforts and knock on the doors of all those who can have a moderating influence on the parties to open up the space for dialogue. || We should therefore continue to ask the parties to de-escalate, seek consensus to support mediation efforts and knock on the doors of all those who can have a moderating influence on the parties to open up the space for dialogue.","Despite the highly sensitive nature of the decadesold Israeli-Palestinian conflict and the differences in approaches that we may have in resolving it, what should be paramount is our historic responsibility as a Council to deliver the two-State solution and preserve the lives of the two nations whose destinies are bound by history and a common and shared area. The Council’s inability to act on its responsibility today, however, should not break our resolve. We believe that a united Council voice and action on the matter is still required and critical to stabilizing the situation and assisting the parties to enter into in dialogue, which is the only viable path to durable peace. We should therefore continue to ask the parties to de-escalate, seek consensus to support mediation efforts and knock on the doors of all those who can have a moderating influence on the parties to open up the space for dialogue.",positive_negative__PN2|relation_type__SYM
C2,P1_war_onset,Ghana,GHA,2023-10-18,S/PV.9443,S/PV.9443#9,f6bb0b73a0a96bcd,Mr. Agyeman,VD,ATR-PAL|NONE,,T1,,,0.85,1,"the current hostilities, initiated by the Hamas militia on 7 October || the current hostilities, initiated by the Hamas militia on 7 October || while reiterating our strong condemnation of the current hostilities, initiated by the Hamas militia on 7 October","We remain deeply concerned about the unfolding developments in the Gaza Strip and Israel. At the outset, while reiterating our strong condemnation of the current hostilities, initiated by the Hamas militia on 7 October, we are profoundly distressed by the attack on the Al Ahli Hospital, in Gaza, which was also sheltering civilians at the time it was hit. We condemn the attack, which adds to the growing frustration and human tragedy of this conflict, and we call for a full and transparent investigation of the incident and the establishment of accountability.",attribution__ATR-PAL
C2,P1_war_onset,Ecuador,ECU,2023-12-19,S/PV.9513,S/PV.9513#20,fd6ad2f686145d1c,Mr. De La Gasca/Mr. Montalvo Sosa,VC|VD|VS,ATR-ISR|ATR-PAL|NONE,,,,,0.863,1,"the reprehensible terrorist attacks perpetrated by Hamas || the reprehensible terrorist attacks perpetrated by Hamas || the alarming increase in violence in the West Bank, at times perpetrated by settlers","In his report, the Secretary-General describes the past quarter as the deadliest period for Israelis and Palestinians in the history of the conflict and provides an account of the outbreak of the violence that began on 7 October with the reprehensible terrorist attacks perpetrated by Hamas, which has continued up until now, with very serious catastrophic consequences for civilians and for the humanitarian situation. The report is a sombre document that we wish we had never received. In addition to the situation in Gaza, the report recounts the alarming increase in violence in the West Bank, at times perpetrated by settlers; the continuation of illegal settlement-building; the increase in incendiary rhetoric, acts of provocation and incitement, including the unacceptable glorification of the killing of civilians, and terrorist acts. Indeed, the report summarizes a tragic period of terror, hatred, violence and death. At the same time, it is a warning and a call to action.",attribution__ATR-PAL
C2,P1_war_onset,Malta,MLT,2023-11-15,S/PV.9479,S/PV.9479#5,050d3dd1cd06d510,Mrs. Frazier,VD,ATR-PAL,,,,,0.9,1,"the horrific terror attacks of 7 October... On that day, children were killed and taken hostage || the horrific terror attacks of 7 October... On that day, children were killed and taken hostage","The humanitarian crisis that continues to unfold in Gaza ever since the horrific terror attacks of 7 October is deeply troubling. On that day, children were killed and taken hostage. Since then, more than 4,600 children are reported to have been killed in Gaza and around 1,500 are considered missing. Many are likely trapped underneath the rubble. The lives of newborn babies and premature babies at Al Shifa Hospital are in grave and imminent danger. Countless civilians are now suffering the scourge of hostilities and all the devastating consequences that armed conflict brings with it. Over 1 million people are displaced; more than half of them are children.",attribution__ATR-PAL
C2,P1_war_onset,Gabon,GAB,2023-12-19,S/PV.9513,S/PV.9513#17,f5e942f910c32acd,Mrs. Ngyema Ndong,,,PN1|PN2,T2,I2,,0.825,1,the parties are encouraged to engage in constructive dialogue to reactivate a peace process capable of achieving a peaceful solution to the conflict || The cessation of hostilities is in fact a prerequisite for secure access to humanitarian aid by civilian populations in need. || the parties are encouraged to engage in constructive dialogue to reactivate a peace process capable of achieving a peaceful solution to the conflict.,"As the situation deteriorates on an unprecedented scale on the ground, the divisions within the Council are incomprehensible on a human level. On 12 December, during its tenth emergency special session, the General Assembly adopted, by a vast majority, a resolution calling in particular for an immediate humanitarian ceasefire in Gaza (General Assembly resolution ES-10/22). Gabon voted in favour of that resolution. The cessation of hostilities is in fact a prerequisite for secure access to humanitarian aid by civilian populations in need. Likewise, the parties are encouraged to engage in constructive dialogue to reactivate a peace process capable of achieving a peaceful solution to the conflict.",positive_negative__PN2
C2,P1_war_onset,Argentina,ARG,2023-11-28,A/78/PV.39,A/78/PV.39#25,1c5aceaa03e89b62,Ms. Squeff,,,PN2,,,,0.75,1,"The international community, represented in the General Assembly, must renew its commitment to peace in the Middle East, for the benefit of all the peoples of the region.","The international community, represented in the General Assembly, must renew its commitment to peace in the Middle East, for the benefit of all the peoples of the region.",positive_negative__PN2
C2,P1_war_onset,Albania,ALB,2023-11-10,S/PV.9472,S/PV.9472#20,bc7fa42a34c4b664,Mr. Hoxha,VD,ATR-PAL,PN1,,,,0.85,1,the massacres of Hamas || the massacres of Hamas || we need to make sure that the protection of civilians and international humanitarian law do not remain mere empty words but are serious commitments to be observed and respected,"While we understand that a terrorist organization should not be allowed to reorganize, regroup, ambush or continue to kill, as they have shown what they are able to do; while there is fierce fighting against barbarism, there is a need to keep and show the best of humanity. While there can be no equivalence whatsoever between the massacres of Hamas and the military actions of the Israeli army, we need to make sure that the protection of civilians and international humanitarian law do not remain mere empty words but are serious commitments to be observed and respected — commitments that call for prompt and serious actions.",attribution__ATR-PAL
C2,P1_war_onset,Japan,JPN,2024-01-12,S/PV.9531,S/PV.9531#13,308c8f0f9352210d,Mr. Yamazaki,VD,ATR-PAL|NONE,,,,,0.875,1,"heinous acts of terror were committed by Hamas and other militant groups || heinous acts of terror were committed by Hamas and other militant groups || Gaza has been under heavy bombardments and relentless shelling... Critical civilian infrastructure, including hospitals and United Nations shelters, have not been spared from attacks.","Three months have passed since the heinous acts of terror were committed by Hamas and other militant groups. Since then, Gaza has been under heavy bombardments and relentless shelling, making Gaza one of the worst humanitarian catastrophes witnessed today. The extent of the suffering in Gaza is unimaginable. At least 23,000 Palestinians have reportedly been killed in Gaza, including a heartbreaking loss of more than 10,000 children. More than 85 per cent of the population across the Gaza Strip have been displaced. Critical civilian infrastructure, including hospitals and United Nations shelters, have not been spared from attacks. Famine is imminent, and those internally displaced are at a high risk of communicable diseases owing to extremely poor living conditions. Humankind is in crisis.",attribution__ATR-PAL
C2,P1_war_onset,United Kingdom,GBR,2024-01-23,S/PV.9534,S/PV.9534#17,de94c4b73c3d659a,Lord Ahmad,,,PN4,T4,,SYM,0.883,1,"two States, Israel and Palestine, side by side in the Middle East || to once again commit to working together to make that vision for peace a true living reality of two States, Israel and Palestine, side by side in the Middle East. || two States, Israel and Palestine, side by side in the Middle East.","Now is the time, in the tragedy that is engulfing us, to grasp the moment, to choose hope over despair and peace over conflict, and to once again commit to working together to make that vision for peace a true living reality of two States, Israel and Palestine, side by side in the Middle East.",transcend__T4|relation_type__SYM
C2,P1_war_onset,France,FRA,2024-01-23,S/PV.9534,S/PV.9534#7,b7b1871bc2d76727,Mr. Séjourné/Mr. De Rivière/Mrs. Broadhurst Estival/ Mr. Olmedo,,,PN2,T4,I1,SYM,0.875,1,"two States living side by side in peace and security, within safe and recognized borders based on the 1967 lines and with Jerusalem as the capital of both States || We know the parameters of the solution: two States living side by side in peace and security, within safe and recognized borders based on the 1967 lines and with Jerusalem as the capital of both States. That is the framework set out in international law. It is also France's constant position. And that is why it is not up to Israel or anyone else to decide for the Palestinians how they will be governed tomorrow or the extent of their sovereignty. || two States living side by side in peace and security, within safe and recognized borders based on the 1967 lines and with Jerusalem as the capital of both States","We know the parameters of the solution: two States living side by side in peace and security, within safe and recognized borders based on the 1967 lines and with Jerusalem as the capital of both States. That is the framework set out in international law. It is also France’s constant position. And that is why it is not up to Israel or anyone else to decide for the Palestinians how they will be governed tomorrow or the extent of their sovereignty.",transcend__T4|positive_negative__PN2|relation_type__SYM
C2,P1_war_onset,Albania,ALB,2023-11-29,S/PV.9489,S/PV.9489#24,ee5fb17609b11f6e,Mr. Hoxha,VS,ATR-PAL,,,,,0.825,1,"the Gaza Strip has been besieged, impoverished, underdeveloped and left without a clear perspective || the Gaza Strip has been besieged, impoverished, underdeveloped and left without a clear perspective || Hamas's only real investment in Gaza are the tunnels — not for the population, but only and exclusively for Hamas and its warmongering policies","Oppressive and brutal regimes are never liked — they are only feared. Hamas ruling Gaza is no exception. During 18 years of Hamas rule, the Gaza Strip has been besieged, impoverished, underdeveloped and left without a clear perspective. And as we discover now, Hamas’s only real investment in Gaza are the tunnels — not for the population, but only and exclusively for Hamas and its warmongering policies.",attribution__ATR-PAL
C2,P1_war_onset,United States,USA,2024-01-23,S/PV.9534,S/PV.9534#18,70662b9f56298c4c,Ms. Zeya,,,PN3,T3,I1,SYM,0.85,1,"two States, with Israel's security guaranteed, are the only path to durable peace, as well as the only guarantor of a secure and democratic Israel and of Palestinians' legitimate aspirations to live in a State of their own || it is President Biden's firm conviction that two States, with Israel's security guaranteed, are the only path to durable peace, as well as the only guarantor of a secure and democratic Israel and of Palestinians' legitimate aspirations to live in a State of their own. It is the only way to end this violence once and for all. || two States, with Israel's security guaranteed, are the only path to durable peace, as well as the only guarantor of a secure and democratic Israel and of Palestinians' legitimate aspirations to live in a State of their own.","Secretary Blinken recently heard from countries of the region a willingness to participate in the reconstruction of Gaza if there is a path to a Palestinian State. A stronger, reformed and revitalized Palestinian Authority that can more effectively deliver for its own people and both the West Bank and Gaza must also be a part of the equation. I know that this may be difficult to imagine at this difficult moment, but it is President Biden’s firm conviction that two States, with Israel’s security guaranteed, are the only path to durable peace, as well as the only guarantor of a secure and democratic Israel and of Palestinians’ legitimate aspirations to live in a State of their own. It is the only way to end this violence once and for all.",relation_type__SYM
C2,P1_war_onset,Belgium,BEL,2023-10-24,S/PV.9451 (Resumption 1),S/PV.9451 (Resumption 1)#106,82272b34459e553c,Mr. Kridelka,VC,NONE,PN2,,I2,SYM,0.8,1,"firmly reject all hate speech and other unhelpful conflations || firmly reject all hate speech and other unhelpful conflations || It is crucial to work together constructively, with the Palestinians and with the Israelis, to find solutions to end the crisis and build a lasting peace.","Our responsibility is collective. We must redouble our efforts accordingly, facilitate exchanges, lay the groundwork for the resumption of negotiations and firmly reject all hate speech and other unhelpful conflations. That is the goal of the “Peace Day effort” presented by the European Union, Saudi Arabia and the League of Arab States in New York on 18 September with the support of Jordan and Egypt. It is crucial to work together constructively, with the Palestinians and with the Israelis, to find solutions to end the crisis and build a lasting peace.",positive_negative__PN2|relation_type__SYM
C2,P2_post_icj,Ecuador,ECU,2024-06-25,S/PV.9667,S/PV.9667#14,58a905dcad549358,Mr. Montalvo Sosa,VD,ATR-ISR|ATR-PAL,,,,,0.9,1,The military operations in Rafah have affected the already inadequate supply of aid || The military operations in Rafah have affected the already inadequate supply of aid || the terrorist acts perpetrated by Hamas on 7 October 2023,"Secretary-General reports that in May barely 50 per cent of the humanitarian missions coordinated in Gaza were successfully facilitated. The military operations in Rafah have affected the already inadequate supply of aid, while at least 120 hostages remain in captivity, almost nine months after the terrorist acts perpetrated by Hamas on 7 October 2023, which Ecuador once again unequivocally condemns.",attribution__ATR-PAL
C2,P2_post_icj,Sierra Leone,SLE,2024-12-18,S/PV.9819,S/PV.9819#8,c4962fa23b305c7d,Mr. George,VS,ATR-ISR,PN2,,,,0.783,1,"often leading to access restrictions, forced displacement and demolitions || often leading to access restrictions, forced displacement and demolitions || We are encouraged, however, by the increased political momentum in support of addressing some of the critical issues surrounding the Middle East peace process and the implementation of resolution 2334 (2016).","What the Palestinians are currently experiencing represents a disruption of their livelihoods, social networks and overall well-being. The alarming rate of violence in the West Bank, including East Jerusalem, in the context of Israel’s operations, armed exchanges between Palestinians, including armed groups, Israeli security forces and settlers, often leading to access restrictions, forced displacement and demolitions, contravenes Council resolutions and the International Court of Justice advisory opinion of 19 July on the Legal consequences arising from the policies and practices of Israel in the occupied Palestinian territory, including East Jerusalem (see A/78/968). All those actions on the ground seem to be counterproductive to the search for lasting peace in the Middle East. We are encouraged, however, by the increased political momentum in support of addressing some of the critical issues surrounding the Middle East peace process and the implementation of resolution 2334 (2016).",positive_negative__PN2
C2,P2_post_icj,Ecuador,ECU,2024-07-26,S/PV.9694,S/PV.9694#8,8904801a3bc8184b,Mr. De La Gasca,VD,ATR-PAL|NONE,,,,,0.875,1,"fresh bombings of areas inhabited by civilians and of more dead, more wounded and more displaced people... attacks on humanitarian convoys || fresh bombings of areas inhabited by civilians and of more dead, more wounded and more displaced people... attacks on humanitarian convoys || at least 120 hostages continue to be held, as they have since Hamas perpetrated the terrorist acts of 7 October 2023","The Security Council has today heard, yet again, reports of fresh bombings of areas inhabited by civilians and of more dead, more wounded and more displaced people. We have again been informed of attacks on humanitarian convoys, the catastrophic health situation and the inexorable deterioration in living conditions for the population of Gaza. Meanwhile, at least 120 hostages continue to be held, as they have since Hamas perpetrated the terrorist acts of 7 October 2023 — acts which Ecuador again condemns. Those hostages must be released immediately and unconditionally.",attribution__ATR-PAL
C2,P2_post_icj,Philippines,PHL,2024-04-18,S/PV.9608 (Resumption 1),S/PV.9608 (Resumption 1)#26,0641ead02d770915,Mr. Lagdameo,,,,T3,,SYM,0.85,1,"We believe that Israelis and Palestinians deserve a common future in which their rights, aspirations and security are upheld. || We believe that Israelis and Palestinians deserve a common future in which their rights, aspirations and security are upheld.","The Philippines has long advocated for all States to adhere to the principles of international law and to the peaceful settlement of disputes. In line with our commitment to peace and stability in the region, the Philippines reaffirms its support for a two-State solution. We believe that Israelis and Palestinians deserve a common future in which their rights, aspirations and security are upheld. We thus urge all parties to refrain from unilateral actions that undermine the prospects for a peaceful resolution to the conflict and endanger the life and livelihood of citizens and migrants alike.",relation_type__SYM
C2,P2_post_icj,Sierra Leone,SLE,2024-11-18,S/PV.9787,S/PV.9787#9,fcd8d4baf05fd080,Mr. Sowa,,,PN4,T3,I1,SYM,0.838,1,"all Member States, especially those in the region, must accept Israel as a neighbour living in peace and security, in the context of a comprehensive settlement and a normalization of relations, free from violent extremism, provocation and incitement || in line with the League of Arab States Peace Initiative, as endorsed by the Beirut Arab League Summit of 2002 and re-endorsed at Arab League Summits of 2007 and 2017, all Member States, especially those in the region, must accept Israel as a neighbour living in peace and security, in the context of a comprehensive settlement and a normalization of relations, free from violent extremism, provocation and incitement. || all Member States, especially those in the region, must accept Israel as a neighbour living in peace and security, in the context of a comprehensive settlement and a normalization of relations","Thirdly, in line with the League of Arab States Peace Initiative, as endorsed by the Beirut Arab League Summit of 2002 and re-endorsed at Arab League Summits of 2007 and 2017, all Member States, especially those in the region, must accept Israel as a neighbour living in peace and security, in the context of a comprehensive settlement and a normalization of relations, free from violent extremism, provocation and incitement.",relation_type__SYM
C2,P2_post_icj,Ecuador,ECU,2024-07-26,S/PV.9694,S/PV.9694#8,e942c5bf49272092,Mr. De La Gasca,,,PN2,T3,I2,SYM,0.838,1,the path to peaceful coexistence between the peoples of Israel and Palestine to begin || I reiterate the appeal I made to the parties last week to demonstrate political will and flexibility so as to conclude an agreement that will allow for an end to the violence and for the path to peaceful coexistence between the peoples of Israel and Palestine to begin. || conclude an agreement that will allow for an end to the violence and for the path to peaceful coexistence between the peoples of Israel and Palestine to begin,"Likewise, I reiterate the appeal I made to the parties last week to demonstrate political will and flexibility so as to conclude an agreement that will allow for an end to the violence and for the path to peaceful coexistence between the peoples of Israel and Palestine to begin.",positive_negative__PN2|relation_type__SYM
C2,P2_post_icj,Norway,NOR,2024-09-27,S/PV.9734,S/PV.9734#38,2956c63cfc07a787,Mr. Eide,,,,,,SYM,0.9,1,launch what we call the global alliance for the implementation of a Palestinian State and the two-State solution,"Together with Slovenia, which I applaud for its very good work as President of the Council, as well as Spain and Ireland, we added ourselves to the already long list of countries that have recognized Palestine — 149 right now, leaving 44 States of the 193 Members of the United Nations yet to do so. What we did yesterday, as was mentioned by His Highness the Foreign Minister of Saudi Arabia, was to launch what we call the global alliance for the implementation of a Palestinian State and the two-State solution, which brings together a number of countries that believe that we have to shift gears and accelerate this work now and that we have to see how we can come out of this deadlock and try to use this deep crisis as an opportunity to move forward.",relation_type__SYM
C2,P2_post_icj,Malta,MLT,2024-07-02,S/PV.9678,S/PV.9678#13,9efe61dc7c42f196,Mr. Camilleri,VD,ATR-PAL,PN1,,,,0.867,1,"the hostages who are still being held captive by Hamas and Palestinian Islamic Jihad || the hostages who are still being held captive by Hamas and Palestinian Islamic Jihad || On that note, we reiterate our call for the immediate and unconditional release of all hostages.","As we sit in another meeting on the situation in Gaza, we cannot risk normalizing this state of affairs. This persistent despair cannot become the inherent status quo for Palestinian civilians and the hostages who are still being held captive by Hamas and Palestinian Islamic Jihad. On that note, we reiterate our call for the immediate and unconditional release of all hostages.",attribution__ATR-PAL
C2,P2_post_icj,Slovenia,SVN,2024-06-10,S/PV.9650,S/PV.9650#11,a476612d8875f995,Mrs. Blokar Drobič,,,PN2,,,,0.85,1,We therefore once again call for an immediate ceasefire as the first step towards achieving a comprehensive solution.,Photos of children — some of them born during this war — dying because of malnutrition will go down in history as one of the conflicts that the Council should have prevented. We therefore once again call for an immediate ceasefire as the first step towards achieving a comprehensive solution.,positive_negative__PN2
C2,P2_post_icj,Slovenia,SVN,2024-03-22,S/PV.9584,S/PV.9584#14,1025d03b9bd53b81,Mr. Žbogar,,,PN2,,,,0.85,1,a strong signal of support from the Council for the negotiations on the ground could give the process important impetus and bring us closer to lasting peace,"Many of those elements have been extensively elaborated during numerous meetings and briefings on Gaza. As emphasized on those occasions, we believe in the complementarity of all efforts — bilateral, regional and those of the Council. We therefore once again thank the leaders of Egypt, Qatar and the United States for their efforts in securing a deal on the ground. Slovenia is of the view that a strong signal of support from the Council for the negotiations on the ground could give the process important impetus and bring us closer to lasting peace.",positive_negative__PN2
C2,P2_post_icj,Sierra Leone,SLE,2024-05-29,S/PV.9638,S/PV.9638#5,1b6959c7718a061c,Mr. Sowa,,,PN0|PN2,T3,I1,SYM,0.83,1,"a political horizon of a two-State solution || We therefore welcome the recent actions by some European Union member States to recognize the State of Palestine as positive actions, which will not only contribute to global efforts towards lasting peace between Israel and Palestine but could also facilitate economic and infrastructural support and development in post-conflict Palestine. || immediate attention to secure a permanent ceasefire","The conflict remains a global concern with a range of security, political and humanitarian issues that warrant both our immediate attention to secure a permanent ceasefire, as well as long-term attention for post-war reconstruction and a political horizon of a two-State solution. We therefore welcome the recent actions by some European Union member States to recognize the State of Palestine as positive actions, which will not only contribute to global efforts towards lasting peace between Israel and Palestine but could also facilitate economic and infrastructural support and development in post-conflict Palestine.",positive_negative__PN2|relation_type__SYM
C2,P2_post_icj,Sierra Leone,SLE,2024-06-25,S/PV.9667,S/PV.9667#16,400134d8c73980e6,Mr. Sowa,VD,ATR-PAL,PN1,,I1,,0.887,1,"we demand the safe release of the remaining 129 hostages held by Hamas since 7 October 2023 without further delay. || we demand the safe release of the remaining 129 hostages held by Hamas since 7 October 2023 without further delay. || we reiterate our calls for parties to the conflict to stop all violence against civilians and honour their obligations as outlined in international law, including international humanitarian law and all International Court of Justice orders issued on the matter. In the light of that, we demand the safe release of the remaining 129 hostages held by Hamas since 7 October 2023 without further delay.","Secondly, we reiterate our calls for parties to the conflict to stop all violence against civilians and honour their obligations as outlined in international law, including international humanitarian law and all International Court of Justice orders issued on the matter. In the light of that, we demand the safe release of the remaining 129 hostages held by Hamas since 7 October 2023 without further delay.",attribution__ATR-PAL
C2,P2_post_icj,Mozambique,MOZ,2024-09-04,S/PV.9717,S/PV.9717#21,b34357d00bf6a801,Mr. Afonso,,,PN1|PN2,,,,0.875,1,"We underscore the critical need for an immediate ceasefire in Gaza to de-escalate the ongoing conflict. We emphasize the importance of releasing hostages, increasing humanitarian aid || returning to diplomatic efforts to reach a lasting solution.","Acknowledging the danger of the continuing situation, we underscore the critical need for an immediate ceasefire in Gaza to de-escalate the ongoing conflict. We emphasize the importance of releasing hostages, increasing humanitarian aid and returning to diplomatic efforts to reach a lasting solution.",positive_negative__PN2
C2,P2_post_icj,United Kingdom,GBR,2024-07-22,S/PV.9691,S/PV.9691#8,7748fdf7cff7d619,Dame Barbara Woodward,VD,ATR-PAL,,,,,0.9,1,"the Houthi attack on Tel Aviv, which saw an Israeli civilian killed in his home and 10 other civilians wounded || the Houthi attack on Tel Aviv, which saw an Israeli civilian killed in his home and 10 other civilians wounded","The United Kingdom is deeply alarmed by the Houthi attack on Tel Aviv, which saw an Israeli civilian killed in his home and 10 other civilians wounded. My Foreign Secretary condemned that reckless escalation in his statement to the United Kingdom Parliament last week. We call for urgent de-escalation.",attribution__ATR-PAL
C2,P2_post_icj,Ecuador,ECU,2024-06-10,S/PV.9650,S/PV.9650#14,922bb84d0b97c60a,Mr. De La Gasca,,,PN3,T4,,SYM,0.85,1,"a peaceful, negotiated, definitive and just solution for the parties, with the existence of two States, Palestine and Israel, on the basis of the 1967 borders and the relevant resolutions || a step towards a peaceful, negotiated, definitive and just solution for the parties, with the existence of two States, Palestine and Israel, on the basis of the 1967 borders and the relevant resolutions || with the existence of two States, Palestine and Israel, on the basis of the 1967 borders and the relevant resolutions","This war, which began with the terrorist acts of Hamas on 7 October 2023, which Ecuador will not cease to condemn, continues to cause much pain and suffering. My country therefore believes that the proposal presented on 31 May is an opportunity that must be seized to stop the spiral of violence. We must work now to ensure that this is the last war in this long conflict and a step towards a peaceful, negotiated, definitive and just solution for the parties, with the existence of two States, Palestine and Israel, on the basis of the 1967 borders and the relevant resolutions.",transcend__T4|relation_type__SYM
C2,P2_post_icj,France,FRA,2024-11-25,S/PV.9794,S/PV.9794#15,b3e7a17285d24ebf,Mr. De Rivière,,,PN3,T3,I1,SYM,0.825,1,"We must also work towards a two-State solution, based on the agreed parameters. There must be security guarantees for the Israelis. We must work towards the establishment of an independent, viable and contiguous State for the Palestinians. || Security Council resolutions must be implemented fully. || We must work towards the establishment of an independent, viable and contiguous State for the Palestinians.","Security Council resolutions must be implemented fully. We must also work towards a two-State solution, based on the agreed parameters. There must be security guarantees for the Israelis. We must work towards the establishment of an independent, viable and contiguous State for the Palestinians. The Security Council must be fully mobilized to achieve those objectives.",relation_type__SYM
C2,P2_post_icj,France,FRA,2024-04-02,S/PV.9593,S/PV.9593#7,3e42cd140348b460,Mr. De Rivière,,,PN2,,,,0.85,1,"France calls for the implementation of resolution 2254 (2015), adopted unanimously by the Council, and deplores the refusal of the Damascus regime, supported by its Russian and Iranian allies, to engage in a credible and inclusive political process.","Lastly, in Syria, France calls for the implementation of resolution 2254 (2015), adopted unanimously by the Council, and deplores the refusal of the Damascus regime, supported by its Russian and Iranian allies, to engage in a credible and inclusive political process. Syrians continue to pay the price.",positive_negative__PN2
C2,P2_post_icj,Sierra Leone,SLE,2024-09-27,S/PV.9734,S/PV.9734#22,e38a4d3717bcc492,Mr. George,,,PN1|PN2,,I2,,0.85,1,"We urgently call for the resumption of negotiations and the speedy conclusion of a deal that allows for the release of the remaining 101 hostages, a permanent ceasefire and increased access to humanitarian assistance. That was the intent and purpose of resolution 2735 (2024) of the Council. We therefore reiterate our support for the efforts of Egypt, Qatar and the United States in that regard. || a permanent ceasefire and increased access to humanitarian assistance || we reiterate our call for renewed dialogue and diplomacy, which is an embodiment of our dedication to the Charter of the United Nations, to justice and to human rights.","Secondly, we maintain that dialogue and diplomacy must precede violence and unilateral actions. Therefore, we reiterate our call for renewed dialogue and diplomacy, which is an embodiment of our dedication to the Charter of the United Nations, to justice and to human rights. According to the United Nations Charter, it is our — that is, the United Nations — collective responsibility to save succeeding generations from the scourge of war and reaffirm our faith in fundamental human rights and the dignity of all. We urgently call for the resumption of negotiations and the speedy conclusion of a deal that allows for the release of the remaining 101 hostages, a permanent ceasefire and increased access to humanitarian assistance. That was the intent and purpose of resolution 2735 (2024) of the Council. We therefore reiterate our support for the efforts of Egypt, Qatar and the United States in that regard.",positive_negative__PN2
C2,P2_post_icj,Malta,MLT,2024-03-11,S/PV.9572,S/PV.9572#10,bb1a0a73ba26e4ef,Mrs. Frazier,VD,ATR-PAL,,,,,0.9,1,"The consequences of those barbaric actions, including rape and sexual torture, are still being felt by the families who lost their loved ones and by those who are still being held hostage by Hamas. || The consequences of those barbaric actions, including rape and sexual torture, are still being felt by the families who lost their loved ones and by those who are still being held hostage by Hamas.","We reiterate our condemnation of the Hamas terror attacks of 7 October. The consequences of those barbaric actions, including rape and sexual torture, are still being felt by the families who lost their loved ones and by those who are still being held hostage by Hamas. They are in our thoughts, and we once again extend our deepest condolences to all those who have been directly affected and to the people of Israel. The lasting trauma and anguish that the attacks carried out on that dark day are still having on Israeli society cannot be dismissed or understated.",attribution__ATR-PAL
C2,P2_post_icj,Slovenia,SVN,2024-09-16,S/PV.9725,S/PV.9725#20,231e4c814a604a60,Mr. Žbogar,,,PN0|PN1|PN2,,I3,SYM,0.86,1,implementation of the two-State solution || The Palestinian Government should be at the centre of these efforts and plans. || to exert pressure to ensure a ceasefire that holds,"It is time for the Security Council to ensure compliance with its resolutions. The way forward for us is a cascading approach — to exert pressure to ensure a ceasefire that holds; to rebuild life in Gaza — from security, education, health and psychosocial services to garbage collection; to immediately start the time-bound political process and implementation of the two-State solution; and to reconstruct Gaza, which, unfortunately, represents a long-term project. The Palestinian Government should be at the centre of these efforts and plans.",positive_negative__PN2|relation_type__SYM
C2,P3-P5_ceasefire_1_to_ceasefire_2,United States,USA,2025-06-04,S/PV.9929,S/PV.9929#4,96b874218a3e3835,Ms. Shea,VD,ATR-PAL,,T0,,ANTI,0.887,1,refusing once again to condemn Hamas for the cowardly and evil acts that set this brutal conflict into motion || refusing once again to condemn Hamas for the cowardly and evil acts that set this brutal conflict into motion || Hamas could end this conflict tomorrow by surrendering and laying down its arms,"It is inexplicable that many members of the Council still refuse to acknowledge that Hamas could end this conflict tomorrow by surrendering and laying down its arms. It is unconscionable that the United Nations still has not labelled and sanctioned Hamas as a terrorist organization. In addition to refusing once again to condemn Hamas for the cowardly and evil acts that set this brutal conflict into motion, this draft resolution contains other serious defects.",attribution__ATR-PAL
C2,P3-P5_ceasefire_1_to_ceasefire_2,Greece,GRC,2025-02-25,S/PV.9868,S/PV.9868#8,10edc1c26f2fecc6,Mr. Gerapetritis,,,PN2,,I3,,0.865,1,"we support a Syrian-led and Syrian-owned political transition || we support a Syrian-led and Syrian-owned political transition, in the spirit of resolution 2254 (2015). That process should include all ethnic and religious communities as well as Syrian political forces. It should also pave the way to constitutional reform and fair elections","When it comes to Syria, security and prosperity in Syria are of acute importance for regional stability. Therefore, safeguarding the unity, sovereignty and territorial integrity of Syria is a shared aspiration and a shared goal. I recently visited Damascus, where I had a comprehensive discussion with interim President Al-Sharaa and Foreign Minister Al-Shaibani. I also participated in the ministerial meeting on Syria held in Paris. My message has been clear and consistent in all my engagements: we support a Syrian-led and Syrian-owned political transition, in the spirit of resolution 2254 (2015). That process should include all ethnic and religious communities as well as Syrian political forces. It should also pave the way to constitutional reform and fair elections, with a view to a democratic, representative, inclusive and non-sectarian Government with no foreign interference.",positive_negative__PN2
C2,P3-P5_ceasefire_1_to_ceasefire_2,United States,USA,2025-05-28,S/PV.9923,S/PV.9923#6,a5ec247c76d90798,Mr. Kelley,VD,ATR-PAL,PN3,,,AB,0.875,1,the heinous Hamas attack on Israel that massacred and brutally kidnapped Israelis and Americans || the heinous Hamas attack on Israel that massacred and brutally kidnapped Israelis and Americans || unequivocally rejecting any effort to unilaterally recognize a Palestinian State or impose conditions on Israel,"The United States will do its part to help to forge that new reality alongside Israel and our Arab partners. However, at the same time, the United States stands with Israel in unequivocally rejecting any effort to unilaterally recognize a Palestinian State or impose conditions on Israel, which would be an unconscionable reward for the heinous Hamas attack on Israel that massacred and brutally kidnapped Israelis and Americans.",attribution__ATR-PAL
C2,P3-P5_ceasefire_1_to_ceasefire_2,Bahrain,BHR,2025-04-30,S/PV.9907 (Resumption 2),S/PV.9907 (Resumption 2)#58,dd4d074c48e69ff7,Mr. Alrowaiei,,,PN3,T3,,SYM,0.85,1,"resolving the Palestinian issue through a just and lasting settlement, within the framework of the two-State solution, in accordance with resolutions of international legitimacy and the Arab Peace Initiative, in a manner that upholds the rights of the brotherly Palestinian people, ends the Palestinian-Israeli conflict and maintains regional security and stability. || A just and comprehensive peace in the Middle East region requires political settlements and diplomatic solutions aimed at ending all conflicts and disputes in order to preserve the interests of, and gains made by, the peoples of the region and at resolving the Palestinian issue through a just and lasting settlement, within the framework of the two-State solution, in accordance with resolutions of international legitimacy and the Arab Peace Initiative, in a manner that upholds the rights of the brotherly Palestinian people, ends the Palestinian-Israeli conflict and maintains regional security and stability. || A just and comprehensive peace in the Middle East region requires political settlements and diplomatic solutions aimed at ending all conflicts and disputes in order to preserve the interests of, and gains made by, the peoples of the region and at resolving the Palestinian issue through a just and lasting settlement, within the framework of the two-State solution, in accordance with resolutions of international legitimacy and the Arab Peace Initiative, in a manner that upholds the rights of the brotherly Palestinian people, ends the Palestinian-Israeli conflict and maintains regional security and stability.","A just and comprehensive peace in the Middle East region requires political settlements and diplomatic solutions aimed at ending all conflicts and disputes in order to preserve the interests of, and gains made by, the peoples of the region and at resolving the Palestinian issue through a just and lasting settlement, within the framework of the two-State solution, in accordance with resolutions of international legitimacy and the Arab Peace Initiative, in a manner that upholds the rights of the brotherly Palestinian people, ends the Palestinian-Israeli conflict and maintains regional security and stability.",relation_type__SYM
C2,P3-P5_ceasefire_1_to_ceasefire_2,Republic of Korea,KOR,2025-08-05,S/PV.9972,S/PV.9972#9,4a38b92525409182,Mr. Cho,VD|VS,ATR-PAL|NONE,,,,,0.833,1,"Hamas, which committed one of the worst terrorist attacks in recent history || Hamas, which committed one of the worst terrorist attacks in recent history || still holds 50 hostages after almost two years in utterly inhumane conditions","The world is horrified to see the tragedy unfolding in Gaza at this very moment. We are appalled by the fact that Hamas, which committed one of the worst terrorist attacks in recent history, still holds 50 hostages after almost two years in utterly inhumane conditions. We are also witnessing every day appalling videos and images in the media of the scores of emaciated Palestinian civilians who have not been spared from the escalating famine stalking life in Gaza. Reiterating our deepest concern about the deteriorating conditions for the hostages and civilians in Gaza and the West Bank, let me stress the following three points.",attribution__ATR-PAL
C2,P3-P5_ceasefire_1_to_ceasefire_2,Sierra Leone,SLE,2025-08-05,S/PV.9972,S/PV.9972#12,dfa0487e0eb609cf,Mr. Kanu,VD|VS,ATR-ISR|ATR-PAL,PN1,,I1,,0.833,1,"resulting from policies of the Government of Israel || resulting from policies of the Government of Israel || We urge the State of Israel to lift the blockade and facilitate unimpeded humanitarian access. Likewise, we urge Hamas and other armed groups to cease attacks on civilians and release all hostages.","The man-made humanitarian catastrophe in Gaza, resulting from policies of the Government of Israel, is unprecedented in scale and severity. The suffering of Israeli hostages is acute and must be addressed urgently. Likewise, this is occurring alongside the suffering of an entire civilian population, who are being subjected to famine and relentless bombardment. We urge the State of Israel to lift the blockade and facilitate unimpeded humanitarian access. Likewise, we urge Hamas and other armed groups to cease attacks on civilians and release all hostages.",attribution__ATR-PAL
C2,P3-P5_ceasefire_1_to_ceasefire_2,Spain,ESP,2025-04-30,S/PV.9907 (Resumption 2),S/PV.9907 (Resumption 2)#16,407216551287f428,Mr. Gómez Hernández,,,PN2,,,,0.85,1,Spain reiterates its call on the parties to comply fully with resolution 1701 (2006) and with the cessation of hostilities agreement of November 2024. We will therefore continue to support stabilization through the United Nations Interim Force in Lebanon and to provide political and financial support to the Lebanese Armed Forces.,"A just and lasting peace in the region necessarily requires the restoration of respect for the principles of the Charter of the United Nations, including respect for territorial integrity, especially in Lebanon and Syria. Spain reiterates its call on the parties to comply fully with resolution 1701 (2006) and with the cessation of hostilities agreement of November 2024. We will therefore continue to support stabilization through the United Nations Interim Force in Lebanon and to provide political and financial support to the Lebanese Armed Forces.",positive_negative__PN2
C2,P3-P5_ceasefire_1_to_ceasefire_2,France,FRA,2025-02-25,S/PV.9868,S/PV.9868#19,a8f855d335127eb5,Mr. De Rivière,VS,ATR-ISR,PN2,T1,,,0.875,1,France condemns any forced displacement of the Palestinian population || France condemns any forced displacement of the Palestinian population || France supports the efforts of Egypt and those of the Group of Arab States to draw up a plan for the day after and the reconstruction of Gaza. The Palestinian Authority must be able to govern in all of the Palestinian territories.,It is time for the Council to address the future of the Gaza Strip and reconstruction. France condemns any forced displacement of the Palestinian population. It would be contrary to international law and dangerous for the stability of the region. France supports the efforts of Egypt and those of the Group of Arab States to draw up a plan for the day after and the reconstruction of Gaza. The Palestinian Authority must be able to govern in all of the Palestinian territories. Hamas cannot be part of the solution.,positive_negative__PN2
C2,P3-P5_ceasefire_1_to_ceasefire_2,United States,USA,2025-09-18,S/PV.10000,S/PV.10000#4,d3bc1edb5c012194,Ms. Ortagus,VD,ATR-PAL,,T1,,,0.8,1,"carry out future 7 October attacks, as it has threatened to do many times || carry out future 7 October attacks, as it has threatened to do many times || The United States has stressed since this conflict began that Israel has the right to defend itself.","First, the United States has stressed since this conflict began that Israel has the right to defend itself. The draft resolution seeks an immediate, unconditional and permanent ceasefire that would leave Hamas in a position to carry out future 7 October attacks, as it has threatened to do many times.",attribution__ATR-PAL
C2,P3-P5_ceasefire_1_to_ceasefire_2,Panama,PAN,2025-03-21,S/PV.9883,S/PV.9883#5,e3a2a2428bc6fbed,Mr. Alfaro de Alba,VS,ATR-PAL,,,,,0.75,1,"the absence of a political solution has facilitated the rise of extremist forces such as Hamas, which has contributed to prolonging violence and aggravated the suffering of civilian populations || the absence of a political solution has facilitated the rise of extremist forces such as Hamas, which has contributed to prolonging violence and aggravated the suffering of civilian populations","For decades, a lack of political will and deferred decisions have deepened mistrust and created an environment conducive to violence that has been exploited by extremism. While resolution 2334 (2016) focuses on the West Bank and East Jerusalem, its principles are equally relevant to stability in other territories, such as Gaza, where the absence of a political solution has facilitated the rise of extremist forces such as Hamas, which has contributed to prolonging violence and aggravated the suffering of civilian populations, preventing progress in the resolution of this conflict with each passing day.",attribution__ATR-PAL
C2,P3-P5_ceasefire_1_to_ceasefire_2,Sierra Leone,SLE,2025-07-23,S/PV.9963,S/PV.9963#13,7e0e194f2f63b255,Mr. Totangi,VD,ATR-PAL,,,,,0.95,1,the attacks of 7 October 2023 perpetrated by Hamas and other armed groups. The deliberate targeting of civilians and the taking of hostages || the attacks of 7 October 2023 perpetrated by Hamas and other armed groups. The deliberate targeting of civilians and the taking of hostages,"Sierra Leone unequivocally condemns the attacks of 7 October 2023 perpetrated by Hamas and other armed groups. The deliberate targeting of civilians and the taking of hostages are unacceptable and constitute serious violations of international law. These crimes must be addressed through lawful and accountable means. However, we maintain that one atrocity cannot justify another. The principles of proportionality, distinction and necessity must be upheld at all times.",attribution__ATR-PAL
C2,P3-P5_ceasefire_1_to_ceasefire_2,Norway,NOR,2025-04-29,S/PV.9907,S/PV.9907#29,d9018427b64bce1f,Ms. Håheim,,,PN2,,,,0.85,1,"Let us use the upcoming United Nations conference in June, as well as the work of the Global Alliance for the Implementation of the Two-State Solution and the Ad Hoc Liaison Committee for the Coordination of the International Assistance to Palestinians, to intensify our efforts towards that end.","Let us use the upcoming United Nations conference in June, as well as the work of the Global Alliance for the Implementation of the Two-State Solution and the Ad Hoc Liaison Committee for the Coordination of the International Assistance to Palestinians, to intensify our efforts towards that end.",positive_negative__PN2
C2,P3-P5_ceasefire_1_to_ceasefire_2,Panama,PAN,2025-04-29,S/PV.9907,S/PV.9907#20,630a10dba2ddc4dd,Mr. Moscoso,,,PN2,T4,,,0.825,1,"The peoples of the Middle East deserve more than mere truces. They deserve lasting peace, and it is our duty to make it happen. || The peoples of the Middle East deserve more than mere truces. They deserve lasting peace, and it is our duty to make it happen.","The peoples of the Middle East deserve more than mere truces. They deserve lasting peace, and it is our duty to make it happen.",transcend__T4|positive_negative__PN2
C2,P3-P5_ceasefire_1_to_ceasefire_2,India,IND,2025-07-23,S/PV.9963 (Resumption 1),S/PV.9963 (Resumption 1)#26,44ae4958a162ed87,Mr. Parvathaneni,,,PN2,T2,,,0.8,1,Dialogue and diplomacy remain the only viable paths to achieving these objectives. || Dialogue and diplomacy remain the only viable paths to achieving these objectives. There are no other fixes or solutions.,"The way ahead is clear, and India has been consistent in this regard. The ongoing human suffering must not be allowed to continue. Humanitarian assistance needs to be facilitated in a safe, sustained and timely manner. There is no substitute for peace. A ceasefire must be put in place. All hostages must be released. Dialogue and diplomacy remain the only viable paths to achieving these objectives. There are no other fixes or solutions.",positive_negative__PN2
C2,P3-P5_ceasefire_1_to_ceasefire_2,Greece,GRC,2025-03-21,S/PV.9883,S/PV.9883#10,f34e167cab944db7,Mr. Sekeris,VD|VS,ATR-ISR|NONE,PN2,,,SYM,0.833,1,the increase in settlement activity in the West Bank || the increase in settlement activity in the West Bank || The cessation of settlement activity is essential for salvaging the two-State solution.,"We deplore the increase in settlement activity in the West Bank. Such attempts are contrary to international law and the relevant Security Council resolutions and have no legal validity. The cessation of settlement activity is essential for salvaging the two-State solution. We are particularly concerned about reported escalation of violence in the West Bank and the displacement of some 40,000 people, particularly from refugee camps in the north. Attacks on civilians, including children, as well as on civilian infrastructure, constitute violations of international humanitarian law and human rights law. The reported demolition and seizure of Palestinian-owned structures is also concerning.",positive_negative__PN2|relation_type__SYM
C2,P3-P5_ceasefire_1_to_ceasefire_2,United Kingdom,GBR,2025-07-16,S/PV.9959,S/PV.9959#6,eb44f5dc2e517b1a,Dame Barbara Woodward,,,PN2,T2,I2,SYM,0.863,1,The path forward lies in diplomacy and compromise to deliver lasting peace for Israelis and Palestinians alike. || The path forward lies in diplomacy and compromise to deliver lasting peace for Israelis and Palestinians alike... co-chairing the upcoming conference on a two-State solution || The path forward lies in diplomacy and compromise to deliver lasting peace for Israelis and Palestinians alike.,"The path forward lies in diplomacy and compromise to deliver lasting peace for Israelis and Palestinians alike. We commend the leadership of France and the Kingdom of Saudi Arabia for co-chairing the upcoming conference on a two-State solution, which offers us a crucial opportunity to advance this goal.",positive_negative__PN2|relation_type__SYM
C2,P3-P5_ceasefire_1_to_ceasefire_2,Sierra Leone,SLE,2025-08-27,S/PV.9987,S/PV.9987#14,766346f1c1091287,Mr. Kanu,,,PN1|PN2,,I1,,0.883,1,"There must be an immediate, comprehensive and sustainable humanitarian ceasefire. There must be unfettered humanitarian access, with all crossings opened for food, medicine, fuel and water. There must be the immediate and unconditional release of all hostages and humane treatment of all detainees. There must be an end to the collective punishment of, and attacks on, civilians, hospitals, journalists and United Nations facilities. There must be accountability for atrocity crimes through support for the ICC and the investigative mechanisms of the United Nations. || There must be an immediate, comprehensive and sustainable humanitarian ceasefire. There must be unfettered humanitarian access, with all crossings opened for food, medicine, fuel and water. There must be the immediate and unconditional release of all hostages and humane treatment of all detainees. There must be an end to the collective punishment of, and attacks on, civilians, hospitals, journalists and United Nations facilities. || There must be accountability for atrocity crimes through support for the ICC and the investigative mechanisms of the United Nations. The Council should also consider measures, including restrictions on arms transfers, to halt the means by which atrocity crimes are being committed.","There must be an immediate, comprehensive and sustainable humanitarian ceasefire. There must be unfettered humanitarian access, with all crossings opened for food, medicine, fuel and water. There must be the immediate and unconditional release of all hostages and humane treatment of all detainees. There must be an end to the collective punishment of, and attacks on, civilians, hospitals, journalists and United Nations facilities. There must be accountability for atrocity crimes through support for the ICC and the investigative mechanisms of the United Nations. The Council should also consider measures, including restrictions on arms transfers, to halt the means by which atrocity crimes are being committed.",positive_negative__PN2
C2,P3-P5_ceasefire_1_to_ceasefire_2,Slovenia,SVN,2025-01-23,S/PV.9846,S/PV.9846#22,0feb1d4741262f63,Mrs. Blokar Drobič,,,PN2,,I2,,0.825,0,"We encourage parties listed in the Secretary-General's annual report on children and armed conflict (S/2024/384) to initiate a dialogue with the United Nations for the development, adoption and implementation of action plans to end and prevent grave violations committed against children. || We therefore encourage parties listed in the Secretary-General's annual report on children and armed conflict (S/2024/384) to initiate a dialogue with the United Nations for the development, adoption and implementation of action plans to end and prevent grave violations committed against children.","Children are the biggest victims of any war. We therefore encourage parties listed in the Secretary-General’s annual report on children and armed conflict (S/2024/384) to initiate a dialogue with the United Nations for the development, adoption and implementation of action plans to end and prevent grave violations committed against children.",positive_negative__PN2
C2,P3-P5_ceasefire_1_to_ceasefire_2,Republic of Korea,KOR,2025-07-23,S/PV.9963,S/PV.9963#19,a2b8883cb93c6311,Mr. Sangjin Kim,VD|VS,ATR-ISR|ATR-PAL,,T0,,,0.909,1,Hamas committed the worst terrorist attacks against Israel and still brutally holds 50 hostages || Hamas committed the worst terrorist attacks against Israel and still brutally holds 50 hostages || Hamas committed the worst terrorist attacks against Israel and still brutally holds 50 hostages.,"Hamas committed the worst terrorist attacks against Israel and still brutally holds 50 hostages. Israel’s air strikes and gunfire, as well as restrictions on humanitarian aid, are pushing Palestinian civilians in Gaza deeper into death and starvation. Not only in Gaza, but also in the West Bank, the Palestinian people’s right to life, dignity and coexistence is repeatedly being denied. In the wider Middle East region, sirens and air strikes have become the new normal.",attribution__ATR-PAL
C2,P3-P5_ceasefire_1_to_ceasefire_2,United Kingdom,GBR,2025-01-20,S/PV.9841,S/PV.9841#14,386a8d9642bd0e5a,Mr. Falconer,,,PN2,T3,,SYM,0.833,1,a credible pathway to a two-State solution || This agreement is a crucial first step towards a sustainable peace and a credible pathway to a two-State solution. || a credible pathway to a two-State solution,This agreement is a crucial first step towards a sustainable peace and a credible pathway to a two-State solution. Millions of people are relying on us to build on this process and end their agony. We must not let them down.,positive_negative__PN2|relation_type__SYM
C2,outside,United Arab Emirates,ARE,2023-09-27,S/PV.9425,S/PV.9425#12,fa10895768b02fee,Mr. Abushahab,,,PN4,T4,I2,SYM,0.863,1,"living side by side with Israel in peace, security and mutual recognition. || the United Arab Emirates affirms its commitment to a two-State solution whereby an independent Palestinian State can be established within the 1967 borders, with East Jerusalem as its capital, living side by side with Israel in peace, security and mutual recognition || the United Arab Emirates affirms its commitment to a two-State solution whereby an independent Palestinian State can be established within the 1967 borders, with East Jerusalem as its capital, living side by side with Israel in peace, security and mutual recognition.","In conclusion, the United Arab Emirates affirms its commitment to a two-State solution whereby an independent Palestinian State can be established within the 1967 borders, with East Jerusalem as its capital, living side by side with Israel in peace, security and mutual recognition. We reiterate our support for all regional and international efforts to achieve that goal, and call on all the parties concerned to work to establish peace and stability in the region.",transcend__T4|relation_type__SYM
C2,outside,France,FRA,2023-09-27,S/PV.9425,S/PV.9425#5,300c9d3892494bc3,Mr. De Rivière,,,PN2,,I2,SYM,0.85,1,"a package of measures that will benefit both Palestinians and Israelis || France expresses its full support for the initiative led by the European Union, Saudi Arabia and the League of Arab States to prepare a package of measures that will benefit both Palestinians and Israelis, once a peace agreement has been signed. || France expresses its full support for the initiative led by the European Union, Saudi Arabia and the League of Arab States to prepare a package of measures that will benefit both Palestinians and Israelis, once a peace agreement has been signed. That initiative must enable us to set up the incentives needed for the resumption of negotiations.","In that regard, France expresses its full support for the initiative led by the European Union, Saudi Arabia and the League of Arab States to prepare a package of measures that will benefit both Palestinians and Israelis, once a peace agreement has been signed. That initiative must enable us to set up the incentives needed for the resumption of negotiations. At its inaugural ministerial-level meeting, held on 18 September on the margins of the General Assembly’s seventy-eighth session, the Minister for Europe and Foreign Affairs, Catherine Colonna, made clear that France is ready to contribute to that end.",positive_negative__PN2|relation_type__SYM
C2,outside,Mozambique,MOZ,2023-08-21,S/PV.9400,S/PV.9400#6,7dd3e509c16d71e6,Mr. Fernandes,VD|VS,ATR-PAL|NONE,PN1,,,,0.81,1,"attacks on and destruction of some settlements in the occupied Palestinian territories, which have not only aggravated the humanitarian situation but have led to the loss of many lives, the destruction of property || attacks on and destruction of some settlements in the occupied Palestinian territories, which have not only aggravated the humanitarian situation but have led to the loss of many lives, the destruction of property || We strongly condemn the attacks on and destruction of some settlements in the occupied Palestinian territories, which have not only aggravated the humanitarian situation but have led to the loss of many lives, the destruction of property and dismay for the many families affected.","We strongly condemn the attacks on and destruction of some settlements in the occupied Palestinian territories, which have not only aggravated the humanitarian situation but have led to the loss of many lives, the destruction of property and dismay for the many families affected. Another matter of concern is the limited operations and activities of the United Nations Relief and Works Agency for Palestine Refugees in the Near East. The Agency, whose work is vital to peace and stability, continues to face a lack of funds and resources to support all core services. There are therefore millions of Palestinian refugees at risk of not benefiting from essential services. In that regard, Mozambique urges regional actors and the international community, including the private sector at large, to work urgently to join their efforts in order to provide the Agency with the financial support it needs.",attribution__ATR-PAL
C2,outside,Brazil,BRA,2023-08-21,S/PV.9400,S/PV.9400#11,f5df4c77c2c8b5d1,Mr. França Danese,,,PN3,T4,I2,SYM,0.875,1,"Israel and Palestine living side by side in peace and security, within mutually agreed and internationally recognized borders || only a two-State solution, based on international law and supported by the whole international community, will bring the peace and progress that Israelis and Palestinians deserve, with Israel and Palestine living side by side in peace and security, within mutually agreed and internationally recognized borders. || only a two-State solution, based on international law and supported by the whole international community, will bring the peace and progress that Israelis and Palestinians deserve, with Israel and Palestine living side by side in peace and security, within mutually agreed and internationally recognized borders","In the end, only a two-State solution, based on international law and supported by the whole international community, will bring the peace and progress that Israelis and Palestinians deserve, with Israel and Palestine living side by side in peace and security, within mutually agreed and internationally recognized borders. It is about time that we accomplished that and moved on to other pressing and ever-growing challenges. But in the current volatile scenario, it will be crucial to exercise restraint and avoid any actions that might escalate tensions or provoke further violence. Despite the formidable challenges, we must redouble our efforts to advance the cause of peace and reconciliation.",transcend__T4|relation_type__SYM
C2,outside,United States,USA,2023-08-21,S/PV.9400,S/PV.9400#3,9983c1592f08fcc5,Mrs. Thomas-Greenfield,VC|VD|VS,ATR-ISR|ATR-PAL,PN1,,,,0.833,1,"the two Israelis who are currently being held captive by Hamas in Gaza || the two Israelis who are currently being held captive by Hamas in Gaza || We urge all parties to take proactive measures to counter all forms of violence and incitement to violence and to refrain from actions that inflame tensions, including settlement activity, evictions, the demolition of Palestinian homes, terrorism, incitement to violence and payments to the families of terrorists.","We urge all parties to take proactive measures to counter all forms of violence and incitement to violence and to refrain from actions that inflame tensions, including settlement activity, evictions, the demolition of Palestinian homes, terrorism, incitement to violence and payments to the families of terrorists. I would also like to take a moment to urge Hamas to return the remains of Oron Shaul and Hadar Goldin and release the two Israelis who are currently being held captive by Hamas in Gaza.",attribution__ATR-PAL
C2,outside,Mozambique,MOZ,2023-09-27,S/PV.9425,S/PV.9425#10,5d26caf96b4608b0,Mr. Afonso,VC,NONE,PN2,,,,0.85,1,"We condemn the practice of hate and making inflammatory statements, be they official or individual. They should be vigorously discouraged, as they serve only the purpose of exacerbating and deepening differences between the parties and perpetuating the culture of conflict and hatred. || We condemn the practice of hate and making inflammatory statements, be they official or individual. They should be vigorously discouraged, as they serve only the purpose of exacerbating and deepening differences between the parties and perpetuating the culture of conflict and hatred. || We call on the parties to follow the path of a constructive and productive dialogue aimed at securing a lasting peace and justice for both Palestine and Israel.","We are profoundly disturbed by the repeated and gross violations of international law, international humanitarian law and international human rights law. We strongly condemn those violations. We call on the parties to follow the path of a constructive and productive dialogue aimed at securing a lasting peace and justice for both Palestine and Israel. We condemn the practice of hate and making inflammatory statements, be they official or individual. They should be vigorously discouraged, as they serve only the purpose of exacerbating and deepening differences between the parties and perpetuating the culture of conflict and hatred.",positive_negative__PN2
C2,outside,France,FRA,2023-08-21,S/PV.9400,S/PV.9400#5,ea4aea0fc6e6423f,Mrs. Jaraud-Darnault,VD|VS,ATR-ISR|ATR-PAL,,,,,0.9,1,"France is also alarmed by the forced departure of Palestinian populations in Area C in Ramallah governorate as a result of the recurring attacks carried out by settlers. || France is also alarmed by the forced departure of Palestinian populations in Area C in Ramallah governorate as a result of the recurring attacks carried out by settlers. || the attacks carried out last Saturday at Huwara and last Monday near Hebron, which claimed the lives of three Israeli civilians","France is also alarmed by the forced departure of Palestinian populations in Area C in Ramallah governorate as a result of the recurring attacks carried out by settlers. It recalls that the forcible transfer of populations contravenes the Fourth Geneva Convention. France also condemns all attacks targeting civilians, which are never justified. We deplore the attacks carried out last Saturday at Huwara and last Monday near Hebron, which claimed the lives of three Israeli civilians. France also condemned in the strongest terms the terrorist attack carried out in Tel Aviv on 5 August and reiterates its steadfast commitment to the security of Israel.",attribution__ATR-PAL
C2,outside,United Arab Emirates,ARE,2023-09-27,S/PV.9425,S/PV.9425#12,56f9f1bf79f020a5,Mr. Abushahab,,,PN2,T2,I2,SYM,0.83,1,Direct negotiations are the only way to guarantee security and stability for both sides. || Direct negotiations are the only way to guarantee security and stability for both sides. || We emphasize the importance of exercising restraint and pursuing dialogue. Direct negotiations are the only way to guarantee security and stability for both sides.,"The recent events in the occupied Palestinian territory have reminded us of how urgent it is that we intensify diplomatic efforts at the regional and international levels in order to reduce escalation and build confidence. We emphasize the importance of exercising restraint and pursuing dialogue. Direct negotiations are the only way to guarantee security and stability for both sides. In that context, we welcome the diplomatic momentum that we witnessed last week on the margins of the general debate of the General Assembly to explore ways to coordinate international efforts in order to revive the peace process. That includes the meeting organized by Saudi Arabia, the League of Arab States and the European Union in cooperation with Egypt and Jordan, which presented positive proposals for supporting peace and maintaining the possibility of a two-State solution. Looking ahead, we hope that the international community will take concrete steps towards a resumption of serious and meaningful negotiations between the two parties, based on the agreed international terms of reference, including the relevant United Nations resolutions and the Arab Peace Initiative.",positive_negative__PN2|relation_type__SYM
C2,outside,Ecuador,ECU,2023-09-27,S/PV.9425,S/PV.9425#15,acfb20ce3c37f7f3,Mr. Montalvo Sosa,,,PN2,T2,I2,SYM,0.85,1,"co-existence of two States — Palestine and Israel — on the basis of the 1967 borders and the relevant resolutions || Ecuador, like all the members of the Council present here, has repeatedly expressed its commitment to a negotiated, definitive and just solution for the parties, with the co-existence of two States — Palestine and Israel — on the basis of the 1967 borders and the relevant resolutions. || recover a political horizon that will lead to effective negotiations","We hope that concrete steps will be taken to reduce tensions, build confidence and recover a political horizon that will lead to effective negotiations. I reiterate Ecuador’s commitment, as a Council member, to support any measure or initiative that encourages the parties to resume negotiations and avoid further violence. It is our duty to seek paths towards peace in this and in all conflicts. Ecuador, like all the members of the Council present here, has repeatedly expressed its commitment to a negotiated, definitive and just solution for the parties, with the co-existence of two States — Palestine and Israel — on the basis of the 1967 borders and the relevant resolutions.",positive_negative__PN2|relation_type__SYM
C2,outside,Albania,ALB,2023-08-21,S/PV.9400,S/PV.9400#16,dbfab01a66202c77,Mr. Hoxha,VS,ATR-ISR,PN2,T2,,,0.82,1,"the plans to expand settlements || the plans to expand settlements || We reiterate our call on the parties to commit to de-escalation in deeds as well as words, and to avoid unilateral steps that lead to tension and violence on the ground. In the context of hope for a political horizon, however remote it may seem, violence is not and cannot be a solution, nor can it be a substitute for justice.","We also reiterate our concern about the plans to expand settlements. We call for the full implementation of resolution 2334 (2016) and the strict observance of international law. All unilateral steps that obstruct peace and the viability of a two-State solution must be withdrawn. We reiterate our call on the parties to commit to de-escalation in deeds as well as words, and to avoid unilateral steps that lead to tension and violence on the ground. In the context of hope for a political horizon, however remote it may seem, violence is not and cannot be a solution, nor can it be a substitute for justice. The parties must abide by their commitments regarding the implementation of the Aqaba and Sharm El-Sheikh communiqués, as the best way to bridge the deep and deepening divide.",positive_negative__PN2
C2,outside,France,FRA,2023-08-21,S/PV.9400,S/PV.9400#5,e2c0fbd8cc22e50f,Mrs. Jaraud-Darnault,,,PN2,T3,I2,,0.817,1,"Council members must work together to take concrete action to implement a two-State solution, and the first step towards that is re-establishing a credible political horizon. || Council members must work together to take concrete action to implement a two-State solution, and the first step towards that is re-establishing a credible political horizon. The United Nations has an important role to play in restoring confidence between the parties and relaunching the peace process. || a solution that meets the legitimate aspirations of both Palestinians and Israelis.","As we approach the thirtieth anniversary of the Oslo Accords, the lack of progress on the ground is fuelling the spiral of violence and jeopardizing international peace and security. Council members must work together to take concrete action to implement a two-State solution, and the first step towards that is re-establishing a credible political horizon. The United Nations has an important role to play in restoring confidence between the parties and relaunching the peace process. It is also essential for regional players to pool their efforts constructively. The normalization of relations between Israel and several States in the region has been contributing to stability and security. But that momentum will be incomplete as long as it is not accompanied by a resumption of the political process towards a solution that meets the legitimate aspirations of both Palestinians and Israelis.",positive_negative__PN2
C2,outside,Malta,MLT,2023-08-21,S/PV.9400,S/PV.9400#14,bc794f45ca02ece4,Ms. Gatt,,,PN2,,,,0.8,1,"we are encouraged to note steps in the context of intra-Palestinian reconciliation, including through the formation of a dedicated committee, as discussed in talks between Palestinian factions on 30 July in Egypt.","The Palestinian Authority is also facing internal challenges with increasingly negative trends with regard to the rule of law and fundamental freedoms in areas where the Palestinian Authority is in control and in Gaza. In that regard, we are encouraged to note steps in the context of intra-Palestinian reconciliation, including through the formation of a dedicated committee, as discussed in talks between Palestinian factions on 30 July in Egypt. A stronger and more credible Palestinian Authority as a partner is in everyone’s interest. We continue to urge the authorities in Palestine to hold the overdue national elections as soon as possible, as that will be an important sign of strengthening the legitimacy of the Palestinian Authority for the Palestinian people.",positive_negative__PN2
C2,outside,Brazil,BRA,2023-09-27,S/PV.9425,S/PV.9425#17,3f3e02c738c95e75,Mr. França Danese,VS,ATR-ISR,PN2|PN3,,I1|I2,,0.833,1,"The main one is the expansion of the Israeli settlements. Resolution 2334 (2016) states clearly that Israeli settlements in the Palestinian occupied territories, including East Jerusalem, are unlawful and must be immediately halted. || The main one is the expansion of the Israeli settlements. Resolution 2334 (2016) states clearly that Israeli settlements in the Palestinian occupied territories, including East Jerusalem, are unlawful and must be immediately halted. || The Council should also seriously reflect on its role in paving the way for new direct negotiations","The Council should also seriously reflect on its role in paving the way for new direct negotiations. Sitting on our hands while the situation unravels is shortsighted and dangerous. It is not what we are here for. Meanwhile, we must address the core issues driving current tensions. The main one is the expansion of the Israeli settlements. Resolution 2334 (2016) states clearly that Israeli settlements in the Palestinian occupied territories, including East Jerusalem, are unlawful and must be immediately halted. Brazil continues to call upon the Israeli Government to cease policies promoting those illegal practices and to curb settler violence.",positive_negative__PN2
C2,outside,Japan,JPN,2023-08-21,S/PV.9400,S/PV.9400#10,e81ce1c9f9945da1,Mrs. Shino,,,PN2,T4,I2,SYM,0.875,1,"There is ultimately no alternative to a two-State solution whereby Israel and Palestine can coexist peacefully side by side, in line with internationally agreed parameters, including resolution 2334 (2016). || the Israeli-Palestinian conflict can be resolved only through direct talks and negotiations between the parties. || the Israeli-Palestinian conflict can be resolved only through direct talks and negotiations between the parties. We acknowledge the recent meeting in Egypt that explored reconciliation efforts among Palestinian factions and encourage the continuation of such diplomatic engagements aimed at bringing the parties together and contributing meaningfully to the revitalization of a comprehensive peace process in the region.","We urge all the parties to exercise maximum restraint and commit to de-escalation. As we have repeatedly stressed, the Israeli-Palestinian conflict can be resolved only through direct talks and negotiations between the parties. We acknowledge the recent meeting in Egypt that explored reconciliation efforts among Palestinian factions and encourage the continuation of such diplomatic engagements aimed at bringing the parties together and contributing meaningfully to the revitalization of a comprehensive peace process in the region. There is ultimately no alternative to a two-State solution whereby Israel and Palestine can coexist peacefully side by side, in line with internationally agreed parameters, including resolution 2334 (2016).",transcend__T4|positive_negative__PN2|relation_type__SYM
C2,outside,Malta,MLT,2023-08-21,S/PV.9400,S/PV.9400#14,b4460b1ff4a9fd3b,Ms. Gatt,,,PN2,,I2,SYM,0.783,1,We call on Israel and the Palestinian Authority to return to good-faith dialogue and uphold their commitments made related to security coordination. || We call on Israel and the Palestinian Authority to return to good-faith dialogue and uphold their commitments made related to security coordination. || we call on Israel and the Palestinian Authority to return to good-faith dialogue and uphold their commitments made related to security coordination.,"Furthermore, we call on Israel and the Palestinian Authority to return to good-faith dialogue and uphold their commitments made related to security coordination.",positive_negative__PN2|relation_type__SYM
C2,outside,United Arab Emirates,ARE,2023-08-21,S/PV.9400,S/PV.9400#12,9c20b93c70a84e36,Mrs. Alhefeiti,,,PN3,T3,I3,SYM,0.875,1,"living side by side with Israel in peace, security and mutual recognition || We continue our solidarity with Palestinians in terms of their right to self-determination and the creation of an independent Palestinian State along the 4 June 1967 borders, with East Jerusalem as its capital || We continue our solidarity with Palestinians in terms of their right to self-determination and the creation of an independent Palestinian State along the 4 June 1967 borders, with East Jerusalem as its capital, living side by side with Israel in peace, security and mutual recognition.","In conclusion, the United Arab Emirates reiterates its support for the fraternal Palestinian people, including through providing them with humanitarian needs and alleviating the harsh living conditions of refugees. We continue our solidarity with Palestinians in terms of their right to self-determination and the creation of an independent Palestinian State along the 4 June 1967 borders, with East Jerusalem as its capital, living side by side with Israel in peace, security and mutual recognition.",relation_type__SYM
C2,outside,United States,USA,2023-09-27,S/PV.9425,S/PV.9425#4,83249a3bffc28511,Mrs. Thomas-Greenfield,VC,ATR-PAL,PN1,,,,0.9,1,"the United States condemns President Abbas's blatantly antisemitic remarks in August, which wrongly maligned the Jewish people and distorted the Holocaust. || the United States condemns President Abbas's blatantly antisemitic remarks in August, which wrongly maligned the Jewish people and distorted the Holocaust. || The United States welcomes all efforts to de-escalate the ongoing violence. We call on all parties to refrain from actions and rhetoric that further inflame the tensions there, including hateful rhetoric, settlement activity, evictions, the demolition of Palestinian homes, terrorism, incitement to violence and payments to the families of terrorists.","The United States is deeply concerned about the levels of violence in Israel, the West Bank and Gaza, including the violence in Gaza that resulted in the temporary closure of the Erez crossing. We express our condolences for the civilians who have been injured or killed in the past month across Israel, the West Bank and Gaza. The United States welcomes all efforts to de-escalate the ongoing violence. We call on all parties to refrain from actions and rhetoric that further inflame the tensions there, including hateful rhetoric, settlement activity, evictions, the demolition of Palestinian homes, terrorism, incitement to violence and payments to the families of terrorists. On the topic of hateful rhetoric, I want to reiterate that the United States condemns President Abbas’s blatantly antisemitic remarks in August, which wrongly maligned the Jewish people and distorted the Holocaust. Such divisive and hateful remarks only undermine the prospects for peace between Israelis and Palestinians.",attribution__ATR-PAL
C2,outside,Gabon,GAB,2023-08-21,S/PV.9400,S/PV.9400#8,adad71362dbe20ea,Mr. Biang,,,PN2,,,,0.85,1,"we welcome the decision taken by the political authorities on 30 July following a meeting in Egypt, which was attended by the President of the Palestinian Authority and the leader of Hamas, to form a committee with the aim of putting an end to the 17-year division of the occupied territories.","With regard to the inter-Palestinian dialogue, we welcome the decision taken by the political authorities on 30 July following a meeting in Egypt, which was attended by the President of the Palestinian Authority and the leader of Hamas, to form a committee with the aim of putting an end to the 17-year division of the occupied territories.",positive_negative__PN2
C2,outside,United States,USA,2023-09-27,S/PV.9425,S/PV.9425#4,f14e7e9936ce6dab,Mrs. Thomas-Greenfield,,,PN1,T4,,SYM,0.85,1,"We are committed to a two-State solution and will continue to pursue steps aimed at promoting a comprehensive, just and lasting peace between Israelis and Palestinians. || The United States continues to believe that Israelis and Palestinians alike deserve equal measures of security, prosperity and freedom. We are committed to a two-State solution and will continue to pursue steps aimed at promoting a comprehensive, just and lasting peace between Israelis and Palestinians. || The United States continues to believe that Israelis and Palestinians alike deserve equal measures of security, prosperity and freedom. We are committed to a two-State solution and will continue to pursue steps aimed at promoting a comprehensive, just and lasting peace between Israelis and Palestinians.","The United States continues to believe that Israelis and Palestinians alike deserve equal measures of security, prosperity and freedom. We are committed to a two-State solution and will continue to pursue steps aimed at promoting a comprehensive, just and lasting peace between Israelis and Palestinians. But the ongoing violence is setting back the prospects for peace and is responsible for enormous and needless suffering.",transcend__T4|relation_type__SYM
C2,outside,Albania,ALB,2023-08-21,S/PV.9400,S/PV.9400#16,9ea1bdde0eb49026,Mr. Hoxha,,,PN3,T4,I4,SYM,0.838,1,"a future in which a viable and democratic Palestine exists alongside a secure Israel and a future that encompasses two States for two peoples, fully entitled to equal safety, security and prosperity || a future that speaks in the same way to Israelis and Palestinians alike, a future in which a viable and democratic Palestine exists alongside a secure Israel and a future that encompasses two States for two peoples, fully entitled to equal safety, security and prosperity || a future in which a viable and democratic Palestine exists alongside a secure Israel and a future that encompasses two States for two peoples, fully entitled to equal safety, security and prosperity.","Albania remains a firm supporter of freedom of religion and belief and of the historic status quo of the holy sites in Jerusalem. We commend Jordan in its special custodianship role and call on the parties to refrain from provocative actions that could affect an already tense situation. Let me conclude by joining the call of the Special Coordinator for the political horizon to be restored, as crucial to breaking the current cycle of deadly violence. That perspective is in the hands of both sides. It lies in their will to move ahead, and in their vision for the future — a future that speaks in the same way to Israelis and Palestinians alike, a future in which a viable and democratic Palestine exists alongside a secure Israel and a future that encompasses two States for two peoples, fully entitled to equal safety, security and prosperity.",transcend__T4|relation_type__SYM
